"Aberfeldy 12yo","8.18","0.32","18","$$$","SingleMalt-like","EF","E","Scotland","Malt"
"Aberfeldy 16yo","8.46","0.20","3","$$$$","SingleMalt-like","ABC","C","Scotland","Malt"
"Aberfeldy 18yo","8.66","0.26","6","$$$$","SingleMalt-like","ABC","C","Scotland","Malt"
"Aberfeldy 21yo","8.78","0.20","10","$$$$$","SingleMalt-like","EF","E","Scotland","Malt"
"Aberlour 10yo","8.28","0.34","14","$$","SingleMalt-like","ABC","C","Scotland","Malt"
"Aberlour 12yo Double Cask Matured","8.35","0.20","15","$$$","SingleMalt-like","ABC","B","Scotland","Malt"
"Aberlour 12yo Non-Chill-Filtered","8.79","0.24","11","$$$","SingleMalt-like","ABC","B","Scotland","Malt"
"Aberlour 16yo Double Cask Matured","8.71","0.18","12","$$$$","SingleMalt-like","ABC","A","Scotland","Malt"
"Aberlour 18yo","8.77","0.27","12","$$$$","SingleMalt-like","ABC","A","Scotland","Malt"
"Aberlour A'Bunadh","8.95","0.16","23","$$$$","SingleMalt-like","ABC","A","Scotland","Malt"
"Amrut 100 Peated","8.92","0.38","6","$$$$","SingleMalt-like","J","J","India","Malt"
"Amrut 6yo Virgin Oak Single Cask","9.09","0.24","3","$$$$","SingleMalt-like","EF","E","India","Malt"
"Amrut Bourbon Single Cask","8.73","0.30","12","$$$$","SingleMalt-like","EF","E","India","Malt"
"Amrut Double Cask","9.07","0.26","3","$$$$","SingleMalt-like","EF","E","India","Malt"
"Amrut Fusion","8.89","0.26","23","$$$$","SingleMalt-like","EF","E","India","Malt"
"Amrut Greedy Angels (8yo and 10yo)","9.20","0.19","6","$$$$$+","SingleMalt-like","ABC","C","India","Malt"
"Amrut Herald","8.91","0.15","6","$$$$","SingleMalt-like","EF","E","India","Malt"
"Amrut Indian Single Malt","8.44","0.46","14","$$$","SingleMalt-like","GH","G","India","Malt"
"Amrut Intermediate Sherry","8.96","0.39","17","$$$$","SingleMalt-like","ABC","B","India","Malt"
"Amrut Kadhambam","8.92","0.28","12","$$$$","SingleMalt-like","ABC","C","India","Malt"
"Amrut Naarangi","8.46","0.66","8","$$$$$","SingleMalt-like","ABC","C","India","Malt"
"Amrut Peated Single Malt Cask Strength","9.15","0.18","9","$$$$","SingleMalt-like","J","J","India","Malt"
"Amrut Peated Single Malt","8.69","0.33","11","$$$$","SingleMalt-like","J","J","India","Malt"
"Amrut Portonova","8.97","0.29","16","$$$$","SingleMalt-like","ABC","C","India","Malt"
"Amrut Portpipe Peated Single Cask","8.83","0.34","9","$$$$","SingleMalt-like","J","J","India","Malt"
"Amrut PX Sherry Single Cask","8.76","0.45","8","$$$$","SingleMalt-like","ABC","A","India","Malt"
"Amrut Spectrum","9.16","0.22","8","$$$$$","SingleMalt-like","ABC","C","India","Malt"
"Amrut Two Continents","8.79","0.45","12","$$$$","SingleMalt-like","EF","E","India","Malt"
"AnCnoc 12yo","8.63","0.32","18","$$$","SingleMalt-like","GH","H","Scotland","Malt"
"AnCnoc 16yo","8.68","0.34","12","$$$$","SingleMalt-like","GH","G","Scotland","Malt"
"AnCnoc 18yo","8.64","0.35","9","$$$$","SingleMalt-like","EF","E","Scotland","Malt"
"AnCnoc 1975","8.88","0.55","4","$$$$$+","SingleMalt-like","ABC","B","Scotland","Malt"
"AnCnoc 2000","8.63","0.18","4","$$$$","SingleMalt-like","ABC","C","Scotland","Malt"
"AnCnoc 22yo","8.74","0.31","9","$$$$$","SingleMalt-like","ABC","C","Scotland","Malt"
"AnCnoc Cutter","8.98","0.47","9","$$$$","SingleMalt-like","J","J","Scotland","Malt"
"AnCnoc Flaughter","8.60","0.31","10","$$$$","SingleMalt-like","J","J","Scotland","Malt"
"AnCnoc Peter Arkle (all releases)","8.43","0.29","8","$$$$","SingleMalt-like","GH","G","Scotland","Malt"
"AnCnoc Rutter","8.92","0.30","7","$$$$","SingleMalt-like","J","J","Scotland","Malt"
"Ardbeg 10yo","8.93","0.32","23","$$$","SingleMalt-like","J","J","Scotland","Malt"
"Ardbeg 17yo","9.04","0.25","7","$$$$$+","SingleMalt-like","J","J","Scotland","Malt"
"Ardbeg 21yo","9.19","0.24","10","$$$$$+","SingleMalt-like","J","J","Scotland","Malt"
"Ardbeg Alligator","9.05","0.16","13","$$$$$+","SingleMalt-like","J","J","Scotland","Malt"
"Ardbeg Ardbog","9.02","0.44","18","$$$$$","SingleMalt-like","J","J","Scotland","Malt"
"Ardbeg Auriverdes","8.87","0.37","17","$$$$$","SingleMalt-like","J","J","Scotland","Malt"
"Ardbeg Corryvreckan","9.09","0.31","20","$$$$","SingleMalt-like","J","J","Scotland","Malt"
"Ardbeg Dark Cove","8.89","0.33","15","$$$$$","SingleMalt-like","J","J","Scotland","Malt"
"Ardbeg Galileo","8.66","0.49","15","$$$$$+","SingleMalt-like","ABC","C","Scotland","Malt"
"Ardbeg Kelpie","8.79","0.08","6","$$$$$","SingleMalt-like","J","J","Scotland","Malt"
"Ardbeg Perpetuum","8.91","0.36","14","$$$$$","SingleMalt-like","J","J","Scotland","Malt"
"Ardbeg Supernova 2014","9.06","0.31","14","$$$$$+","SingleMalt-like","J","J","Scotland","Malt"
"Ardbeg Supernova 2015","9.00","0.32","7","$$$$$+","SingleMalt-like","J","J","Scotland","Malt"
"Ardbeg Uigeadail","9.20","0.41","22","$$$$","SingleMalt-like","J","J","Scotland","Malt"
"Ardmore Traditional Cask","8.55","0.18","19","$$$","SingleMalt-like","I","I","Scotland","Malt"
"Arran Malt 10yo","8.51","0.29","20","$$$","SingleMalt-like","GH","G","Scotland","Malt"
"Arran Malt 12yo Cask Strength (all editions)","8.65","0.38","12","$$$$","SingleMalt-like","GH","H","Scotland","Malt"
"Arran Malt 14yo","8.68","0.26","20","$$$$","SingleMalt-like","GH","G","Scotland","Malt"
"Arran Malt 17yo","8.85","0.24","10","$$$$","SingleMalt-like","EF","E","Scotland","Malt"
"Arran Malt 18yo","8.93","0.12","14","$$$$$","SingleMalt-like","EF","E","Scotland","Malt"
"Arran Malt Amarone Cask Finish","8.77","0.34","10","$$$","SingleMalt-like","ABC","B","Scotland","Malt"
"Arran Malt Bourbon Single Cask","8.89","0.19","9","$$$$","SingleMalt-like","EF","E","Scotland","Malt"
"Arran Malt Lochranza Reserve","8.08","0.55","4","$$$","SingleMalt-like","GH","G","Scotland","Malt"
"Arran Malt Machrie Moor Cask Strength","8.79","0.07","3","$$$$","SingleMalt-like","I","I","Scotland","Malt"
"Arran Malt Machrie Moor Peated (all editions)","7.91","0.56","12","$$$$","SingleMalt-like","I","I","Scotland","Malt"
"Arran Malt Madeira Wine Cask","8.67","0.42","11","$$$$","SingleMalt-like","ABC","C","Scotland","Malt"
"Arran Malt Napoleon Cognac Finish","8.72","0.69","5","$$$$","SingleMalt-like","EF","E","Scotland","Malt"
"Arran Malt Orkney Bere Barley","8.82","0.31","8","$$$$","SingleMalt-like","GH","G","Scotland","Malt"
"Arran Malt Port Cask Finish","8.62","0.37","11","$$$","SingleMalt-like","ABC","C","Scotland","Malt"
"Arran Malt Robert Burns Single Malt","8.15","0.49","7","$$","SingleMalt-like","EF","F","Scotland","Malt"
"Arran Malt Sauternes Finish","8.51","0.33","11","$$$","SingleMalt-like","EF","E","Scotland","Malt"
"Arran Malt Sherry Cask Finish","8.31","0.55","11","$$$$$","SingleMalt-like","ABC","C","Scotland","Malt"
"Arran Malt Sherry Single Cask","8.55","0.53","10","$$$$","SingleMalt-like","ABC","C","Scotland","Malt"
"Arran Malt The Devil’s Punch Bowl (all chapters)","8.89","0.30","9","$$$$$","SingleMalt-like","EF","E","Scotland","Malt"
"Arran Malt Tokaji Aszu Wine Finish","8.79","0.36","4","$$$$","SingleMalt-like","EF","F","Scotland","Malt"
"Auchentoshan 10yo","7.77","0.37","10","$$$","SingleMalt-like","GH","H","Scotland","Malt"
"Auchentoshan 12yo","8.29","0.26","21","$$$","SingleMalt-like","EF","E","Scotland","Malt"
"Auchentoshan 18yo","8.37","0.37","12","$$$$$","SingleMalt-like","EF","E","Scotland","Malt"
"Auchentoshan 21yo","8.83","0.26","12","$$$$$","SingleMalt-like","EF","E","Scotland","Malt"
"Auchentoshan American Oak","7.61","0.87","7","$$","SingleMalt-like","GH","H","Scotland","Malt"
"Auchentoshan Classic","7.90","0.48","8","$$","SingleMalt-like","GH","H","Scotland","Malt"
"Auchentoshan Three Wood","8.26","0.41","21","$$$$","SingleMalt-like","ABC","A","Scotland","Malt"
"Auchentoshan Valinch","8.25","0.61","12","$$$","SingleMalt-like","GH","H","Scotland","Malt"
"Auchentoshan Virgin Oak","8.23","0.55","7","$$$$","SingleMalt-like","GH","H","Scotland","Malt"
"Auchroisk 10yo (F&F)","8.10","0.19","4","$$$","SingleMalt-like","EF","E","Scotland","Malt"
"Aultmore 12yo","8.48","0.21","12","$$$$","SingleMalt-like","GH","H","Scotland","Malt"
"Aultmore 18yo","8.54","0.19","5","$$$$$","SingleMalt-like","GH","H","Scotland","Malt"
"Aultmore 25yo","8.92","0.24","3","$$$$$+","SingleMalt-like","EF","E","Scotland","Malt"
"Balblair 1989","8.54","0.45","11","$$$$$","SingleMalt-like","ABC","C","Scotland","Malt"
"Balblair 2000","8.38","0.32","9","$$$$","SingleMalt-like","GH","H","Scotland","Malt"
"Balcones Texas Single Malt Whisky","8.68","0.34","10","$$$$","SingleMalt-like","EF","E","USA","Malt"
"Balvenie 12yo Doublewood","8.42","0.34","21","$$$$","SingleMalt-like","ABC","A","Scotland","Malt"
"Balvenie 12yo Single Barrel","8.62","0.33","11","$$$$","SingleMalt-like","EF","E","Scotland","Malt"
"Balvenie 12yo Triple Cask","8.38","0.43","9","$$$$","SingleMalt-like","ABC","A","Scotland","Malt"
"Balvenie 14yo Carribean Cask","8.51","0.35","18","$$$$","SingleMalt-like","EF","F","Scotland","Malt"
"Balvenie 15yo Single Barrel (Cask)","8.85","0.24","22","$$$$","SingleMalt-like","GH","G","Scotland","Malt"
"Balvenie 16yo Triple Cask","8.63","0.24","9","$$$$","SingleMalt-like","ABC","A","Scotland","Malt"
"Balvenie 17yo Doublewood","8.71","0.23","11","$$$$$","SingleMalt-like","ABC","C","Scotland","Malt"
"Balvenie 21yo Port Wood","8.79","0.37","16","$$$$$","SingleMalt-like","ABC","A","Scotland","Malt"
"Balvenie 25yo Single Barrel","8.69","0.93","3","$$$$$+","SingleMalt-like","EF","E","Scotland","Malt"
"Balvenie TUN 1401 (all 8 batches)","9.15","0.29","15","$$$$$+","SingleMalt-like","ABC","A","Scotland","Malt"
"Balvenie TUN 1509 (all 3 batches)","9.01","0.17","11","$$$$$+","SingleMalt-like","ABC","B","Scotland","Malt"
"Ben Nevis 10yo","8.18","0.44","11","$$$","SingleMalt-like","ABC","C","Scotland","Malt"
"BenRiach 10yo Curiositas","8.61","0.30","18","$$$","SingleMalt-like","I","I","Scotland","Malt"
"BenRiach 10yo","8.57","0.17","10","$$$","SingleMalt-like","GH","G","Scotland","Malt"
"BenRiach 12yo Horizons","8.37","0.30","7","$$$$","SingleMalt-like","EF","E","Scotland","Malt"
"BenRiach 12yo Matured in Sherry Wood","8.69","0.20","12","$$$","SingleMalt-like","ABC","B","Scotland","Malt"
"BenRiach 12yo","8.44","0.25","14","$$$","SingleMalt-like","GH","G","Scotland","Malt"
"BenRiach 15yo Sauternes Finish","8.12","0.51","3","$$$$","SingleMalt-like","EF","F","Scotland","Malt"
"BenRiach 15yo Tawny Port Finish","8.44","0.31","12","$$$$","SingleMalt-like","ABC","C","Scotland","Malt"
"BenRiach 17yo Septendecim Peated","8.54","0.55","17","$$$$","SingleMalt-like","J","J","Scotland","Malt"
"BenRiach 17yo Solstice Peated Port","8.95","0.27","12","$$$$","SingleMalt-like","ABC","C","Scotland","Malt"
"BenRiach 18yo Albariza Pedro Ximenez Peated","9.10","0.21","5","$$$$$","SingleMalt-like","ABC","C","Scotland","Malt"
"BenRiach 18yo Dunder","8.70","0.25","4","$$$$$","SingleMalt-like","J","J","Scotland","Malt"
"BenRiach 18yo Latada","8.82","0.19","5","$$$$$","SingleMalt-like","ABC","B","Scotland","Malt"
"BenRiach 20yo","8.23","0.72","9","$$$$$","SingleMalt-like","GH","G","Scotland","Malt"
"BenRiach 21yo Authenticus Peated","8.87","0.34","12","$$$$$","SingleMalt-like","I","I","Scotland","Malt"
"BenRiach 25yo Authenticus Peated","8.66","0.57","6","$$$$$","SingleMalt-like","I","I","Scotland","Malt"
"BenRiach 25yo","8.80","0.45","13","$$$$$+","SingleMalt-like","EF","E","Scotland","Malt"
"BenRiach 35yo","8.96","0.59","5","$$$$$+","SingleMalt-like","ABC","A","Scotland","Malt"
"BenRiach Birnie Moss","8.29","0.34","10","$$$","SingleMalt-like","I","I","Scotland","Malt"
"BenRiach Cask Strength","8.70","0.40","5","$$$$","SingleMalt-like","GH","H","Scotland","Malt"
"BenRiach Heart of Speyside","7.73","0.87","7","$$$","SingleMalt-like","GH","H","Scotland","Malt"
"BenRiach Peated Quarter Casks","8.59","0.30","4","$$$$","SingleMalt-like","I","I","Scotland","Malt"
"Benrinnes 15yo F&F","8.35","0.80","7","$$$$","SingleMalt-like","ABC","C","Scotland","Malt"
"Benromach 10yo Cask Strength (100 proof)","9.03","0.15","11","$$$$","SingleMalt-like","ABC","C","Scotland","Malt"
"Benromach 10yo","8.70","0.27","20","$$$","SingleMalt-like","I","I","Scotland","Malt"
"Benromach 15yo","8.74","0.50","11","$$$$","SingleMalt-like","ABC","C","Scotland","Malt"
"Benromach 5yo","8.81","0.17","4","$$","SingleMalt-like","GH","G","Scotland","Malt"
"Benromach Organic","8.50","0.49","13","$$$$","SingleMalt-like","EF","E","Scotland","Malt"
"Benromach Peat Smoke","8.44","0.27","13","$$$$","SingleMalt-like","J","J","Scotland","Malt"
"Benromach Sassicaia","8.45","0.25","6","$$$$","SingleMalt-like","I","I","Scotland","Malt"
"Benromach Traditional","8.41","0.44","11","$$","SingleMalt-like","GH","G","Scotland","Malt"
"Big Peat (Douglas Laing)","8.80","0.22","14","$$$$","SingleMalt-like","I","I","Scotland","Malt"
"Big Peat Christmas Edition (2012-2016)","8.85","0.16","9","$$$$","SingleMalt-like","J","J","Scotland","Malt"
"Blair Athol 12yo (F&F)","8.40","0.46","7","$$$","SingleMalt-like","ABC","C","Scotland","Malt"
"Bowmore 10yo Devil's Cask (all batches)","8.81","0.31","16","$$$$$","SingleMalt-like","ABC","C","Scotland","Malt"
"Bowmore 10yo Tempest","8.82","0.17","18","$$$$","SingleMalt-like","I","I","Scotland","Malt"
"Bowmore 12yo Enigma","8.58","0.32","11","$$","SingleMalt-like","ABC","C","Scotland","Malt"
"Bowmore 12yo","8.40","0.28","18","$$$","SingleMalt-like","I","I","Scotland","Malt"
"Bowmore 15yo Darkest","8.62","0.32","20","$$$$","SingleMalt-like","ABC","C","Scotland","Malt"
"Bowmore 15yo Laimrig","8.99","0.16","14","$$$$","SingleMalt-like","ABC","C","Scotland","Malt"
"Bowmore 15yo Mariner","8.64","0.45","7","$$$$$","SingleMalt-like","I","I","Scotland","Malt"
"Bowmore 17yo White Sands","8.49","0.53","5","$$$$","SingleMalt-like","I","I","Scotland","Malt"
"Bowmore 17yo","8.35","0.65","7","$$$$$","SingleMalt-like","I","I","Scotland","Malt"
"Bowmore 18yo","8.56","0.46","16","$$$$","SingleMalt-like","I","I","Scotland","Malt"
"Bowmore 25yo","8.85","0.51","9","$$$$$+","SingleMalt-like","ABC","C","Scotland","Malt"
"Bowmore Black Rock","8.29","0.32","8","$$","SingleMalt-like","ABC","C","Scotland","Malt"
"Bowmore Gold Reef","8.35","0.33","8","$$","SingleMalt-like","I","I","Scotland","Malt"
"Bowmore Legend","7.68","0.56","10","$$","SingleMalt-like","I","I","Scotland","Malt"
"Bowmore Mizunara Cask Finish","8.89","0.44","3","$$$$$+","SingleMalt-like","I","I","Scotland","Malt"
"Bowmore Small Batch","8.27","0.54","11","$$$","SingleMalt-like","I","I","Scotland","Malt"
"Bowmore Springtide","9.06","0.77","4","$$$$$","SingleMalt-like","ABC","C","Scotland","Malt"
"Bowmore Vault Edition First Release","8.63","0.21","8","$$$$$","SingleMalt-like","I","I","Scotland","Malt"
"Box The 2nd Step Collection 02","8.91","0.05","3","$$$$$","SingleMalt-like","EF","E","Sweden","Malt"
"Box The Festival 2014","8.94","0.14","3","$$$$$","SingleMalt-like","J","J","Sweden","Malt"
"Brora 21yo","8.86","0.40","4","$$$$$+","SingleMalt-like","J","J","Scotland","Malt"
"Brora 30yo","9.29","0.21","17","$$$$$+","SingleMalt-like","J","J","Scotland","Malt"
"Brora 35yo","9.43","0.34","10","$$$$$+","SingleMalt-like","J","J","Scotland","Malt"
"Bruichladdich 21yo Cuvée 382 La Berenice","8.58","0.61","5","$$$$$","SingleMalt-like","EF","E","Scotland","Malt"
"Bruichladdich 21yo Cuvée 407 PX","8.97","0.18","3","$$$$$+","SingleMalt-like","ABC","A","Scotland","Malt"
"Bruichladdich 21yo Cuvée 640 Eroica","8.72","0.40","8","$$$$$","SingleMalt-like","EF","E","Scotland","Malt"
"Bruichladdich 8yo Laddie Eight","8.25","0.62","4","$$$$","SingleMalt-like","I","I","Scotland","Malt"
"Bruichladdich Black Art 1989","8.25","0.39","4","$$$$$+","SingleMalt-like","EF","E","Scotland","Malt"
"Bruichladdich Black Art 2.x 1989","9.05","0.18","7","$$$$$+","SingleMalt-like","EF","E","Scotland","Malt"
"Bruichladdich Black Art 3.x 1989","9.06","0.41","10","$$$$$+","SingleMalt-like","EF","E","Scotland","Malt"
"Bruichladdich Black Art 4.x 1990","8.53","0.60","10","$$$$$+","SingleMalt-like","EF","E","Scotland","Malt"
"Bruichladdich Black Art 5.x 1992","9.08","0.18","3","$$$$$+","SingleMalt-like","EF","E","Scotland","Malt"
"Bruichladdich Classic Laddie Scottish Barley","8.39","0.44","8","$$$","SingleMalt-like","GH","G","Scotland","Malt"
"Bruichladdich Infinity Third Edition","8.78","0.27","5","$$$$$","SingleMalt-like","I","I","Scotland","Malt"
"Bruichladdich Islay Barley (all vintages)","8.57","0.24","12","$$$$","SingleMalt-like","I","I","Scotland","Malt"
"Bruichladdich Laddie Classic (Edition 01)","8.43","0.56","6","$$$","SingleMalt-like","GH","G","Scotland","Malt"
"Bruichladdich Laddie Sixteen","8.75","0.22","12","$$$$","SingleMalt-like","GH","G","Scotland","Malt"
"Bruichladdich Laddie Ten (Second Edition)","8.93","0.19","8","$$$","SingleMalt-like","GH","G","Scotland","Malt"
"Bruichladdich Laddie Ten","8.83","0.30","16","$$$","SingleMalt-like","GH","G","Scotland","Malt"
"Bruichladdich Laddie Twenty Two","8.86","0.25","10","$$$$$","SingleMalt-like","GH","G","Scotland","Malt"
"Bruichladdich Octomore 10 (Second Edition)","9.13","0.20","5","$$$$$","SingleMalt-like","J","J","Scotland","Malt"
"Bruichladdich Octomore 10","8.88","0.39","5","$$$$$+","SingleMalt-like","J","J","Scotland","Malt"
"Bruichladdich Octomore 6.1","8.73","0.26","13","$$$$$","SingleMalt-like","J","J","Scotland","Malt"
"Bruichladdich Octomore 6.2","9.09","0.24","8","$$$$$","SingleMalt-like","J","J","Scotland","Malt"
"Bruichladdich Octomore 6.3","8.74","0.63","8","$$$$$","SingleMalt-like","J","J","Scotland","Malt"
"Bruichladdich Octomore 7.1","8.99","0.27","11","$$$$$","SingleMalt-like","J","J","Scotland","Malt"
"Bruichladdich Octomore 7.2","8.94","0.29","7","$$$$$","SingleMalt-like","J","J","Scotland","Malt"
"Bruichladdich Octomore 7.3","9.03","0.42","6","$$$$$","SingleMalt-like","J","J","Scotland","Malt"
"Bruichladdich Octomore 7.4","8.57","0.69","7","$$$$$","SingleMalt-like","J","J","Scotland","Malt"
"Bruichladdich Rocks","8.37","0.29","10","$$$$","SingleMalt-like","ABC","C","Scotland","Malt"
"Bruichladdich Sherry Classic","8.24","0.87","6","$$$$","SingleMalt-like","EF","E","Scotland","Malt"
"Bunnahabhain 12yo","8.61","0.30","18","$$$","SingleMalt-like","EF","F","Scotland","Malt"
"Bunnahabhain 18yo","9.01","0.19","14","$$$$$","SingleMalt-like","ABC","C","Scotland","Malt"
"Bunnahabhain 25yo","8.84","0.36","15","$$$$$+","SingleMalt-like","ABC","A","Scotland","Malt"
"Bunnahabhain 40yo","9.16","0.33","6","$$$$$+","SingleMalt-like","EF","F","Scotland","Malt"
"Bunnahabhain Ceòbanach","8.81","0.28","11","$$$$","SingleMalt-like","J","J","Scotland","Malt"
"Bunnahabhain Darach Ur","8.41","0.31","10","$$$","SingleMalt-like","EF","F","Scotland","Malt"
"Bunnahabhain Eirigh Na Greine","8.45","0.42","8","$$$$","SingleMalt-like","EF","F","Scotland","Malt"
"Bunnahabhain Toiteach","8.59","0.38","14","$$$$","SingleMalt-like","J","J","Scotland","Malt"
"Bushmills 10yo Single Malt","8.19","0.29","19","$$$","SingleMalt-like","GH","G","Ireland","Malt"
"Bushmills 16yo Single Malt","8.49","0.48","16","$$$$","SingleMalt-like","ABC","B","Ireland","Malt"
"Bushmills 21yo Single Malt","8.93","0.34","11","$$$$$","SingleMalt-like","ABC","C","Ireland","Malt"
"Bushmills Black Bush","8.36","0.39","20","$$","SingleMalt-like","ABC","C","Ireland","Blend"
"Bushmills Sherry Cask Reserve","8.18","0.42","3","$$$$","SingleMalt-like","ABC","C","Ireland","Malt"
"Caol Ila 12yo","8.72","0.18","19","$$$$","SingleMalt-like","I","I","Scotland","Malt"
"Caol Ila 15yo Unpeated","8.54","0.41","8","$$$$$","SingleMalt-like","GH","G","Scotland","Malt"
"Caol Ila 17yo Unpeated","8.58","0.53","6","$$$$$","SingleMalt-like","EF","E","Scotland","Malt"
"Caol Ila 18yo","8.66","0.49","14","$$$$$","SingleMalt-like","I","I","Scotland","Malt"
"Caol Ila 25yo","8.88","0.21","8","$$$$$","SingleMalt-like","I","I","Scotland","Malt"
"Caol Ila 30yo","9.30","0.19","10","$$$$$+","SingleMalt-like","I","I","Scotland","Malt"
"Caol Ila Distiller's Edition (all editions)","8.67","0.38","12","$$$$","SingleMalt-like","J","J","Scotland","Malt"
"Cardhu 12yo","8.12","0.44","19","$$$","SingleMalt-like","GH","H","Scotland","Malt"
"Cardhu Amber Rock","8.29","0.27","4","$$$","SingleMalt-like","GH","H","Scotland","Malt"
"Clynelish 14yo","8.81","0.25","15","$$$$","SingleMalt-like","EF","F","Scotland","Malt"
"Compass Box 3yo Deluxe","9.02","0.23","6","$$$$$+","SingleMalt-like","EF","F","Scotland","Malt"
"Compass Box Eleuthera","8.56","0.39","12","$$$$","SingleMalt-like","I","I","Scotland","Malt"
"Compass Box Enlightenment","8.85","0.16","5","$$$$","SingleMalt-like","GH","G","Scotland","Malt"
"Compass Box Flaming Heart","8.95","0.36","19","$$$$$","SingleMalt-like","I","I","Scotland","Malt"
"Compass Box Oak Cross","8.69","0.34","13","$$$","SingleMalt-like","EF","F","Scotland","Malt"
"Compass Box Peat Monster","8.66","0.32","18","$$$","SingleMalt-like","J","J","Scotland","Malt"
"Compass Box Spice Tree Extravaganza","8.83","0.29","7","$$$$$","SingleMalt-like","EF","F","Scotland","Malt"
"Compass Box Spice Tree","8.81","0.32","19","$$$$","SingleMalt-like","EF","F","Scotland","Malt"
"Compass Box The Lost Blend","8.96","0.24","12","$$$$$","SingleMalt-like","I","I","Scotland","Malt"
"Compass Box This is Not a Luxury Whisky","8.77","0.46","11","$$$$$","SingleMalt-like","ABC","C","Scotland","Malt"
"Connemara Peated Single Malt","8.21","0.31","15","$$$","SingleMalt-like","I","I","Ireland","Malt"
"Connemara Turf Mor","8.75","0.45","11","$$$$","SingleMalt-like","J","J","Ireland","Malt"
"Copperworks American Single Malt","8.61","0.23","4","$$$","SingleMalt-like","EF","E","USA","Malt"
"Cragganmore 12yo","8.32","0.34","15","$$$$","SingleMalt-like","EF","E","Scotland","Malt"
"Cragganmore 25yo","9.04","0.06","4","$$$$$+","SingleMalt-like","EF","E","Scotland","Malt"
"Cragganmore NAS (Special Release 2016)","9.06","0.32","4","$$$$$","SingleMalt-like","EF","E","Scotland","Malt"
"Craigellachie 13yo","8.43","0.40","12","$$$","SingleMalt-like","GH","G","Scotland","Malt"
"Craigellachie 14yo","8.38","0.28","6","$$$$$+","SingleMalt-like","EF","F","Scotland","Malt"
"Craigellachie 17yo","8.57","0.21","9","$$$$$","SingleMalt-like","EF","E","Scotland","Malt"
"Dalmore 12yo","8.45","0.25","17","$$$","SingleMalt-like","EF","E","Scotland","Malt"
"Dalmore 15yo","8.33","0.51","17","$$$$","SingleMalt-like","ABC","C","Scotland","Malt"
"Dalmore 18yo","8.52","0.39","12","$$$$$","SingleMalt-like","ABC","C","Scotland","Malt"
"Dalmore Cigar Malt Reserve","8.33","0.64","12","$$$$$","SingleMalt-like","ABC","C","Scotland","Malt"
"Dalmore Cigar Malt","8.49","0.41","6","$$$","SingleMalt-like","ABC","C","Scotland","Malt"
"Dalmore Gran Reserva","8.07","0.36","9","$$$","SingleMalt-like","ABC","C","Scotland","Malt"
"Dalmore King Alexander III","8.33","0.32","9","$$$$$","SingleMalt-like","ABC","C","Scotland","Malt"
"Dalmore Valour","8.14","0.33","8","$$$$","SingleMalt-like","EF","E","Scotland","Malt"
"Dalwhinnie 15yo","8.69","0.34","18","$$$$","SingleMalt-like","GH","H","Scotland","Malt"
"Dalwhinnie Distillers Edition","8.59","0.30","7","$$$$","SingleMalt-like","ABC","C","Scotland","Malt"
"Deanston 12yo","8.14","0.43","15","$$$","SingleMalt-like","EF","F","Scotland","Malt"
"Deanston 18yo (Bourbon Finish)","8.52","0.46","6","$$$$$","SingleMalt-like","EF","E","Scotland","Malt"
"Deanston Virgin Oak","8.19","0.45","13","$$","SingleMalt-like","GH","H","Scotland","Malt"
"Deveron 12yo","8.36","0.29","6","$$$","SingleMalt-like","EF","E","Scotland","Malt"
"Deveron 18yo","8.63","0.52","4","$$$$","SingleMalt-like","EF","E","Scotland","Malt"
"Edradour 10yo","8.13","0.75","13","$$$","SingleMalt-like","EF","E","Scotland","Malt"
"Elements of Islay ""Peat""","8.92","0.19","5","$$$","SingleMalt-like","I","I","Scotland","Malt"
"Fettercairn Fior","8.58","0.38","3","$$$","SingleMalt-like","I","I","Scotland","Malt"
"FEW Single Malt","8.45","0.53","6","$$$$","SingleMalt-like","GH","G","USA","Malt"
"Finlaggan Old Reserve","8.45","0.50","14","$$","SingleMalt-like","J","J","Scotland","Malt"
"Glen Breton 14yo","8.08","0.62","6","$$$$","SingleMalt-like","GH","G","Canada","Malt"
"Glen Breton 21yo","8.29","0.43","3","$$$$$","SingleMalt-like","EF","E","Canada","Malt"
"Glen Breton Battle of the Glen 15yo","8.53","0.27","7","$$$$$","SingleMalt-like","GH","G","Canada","Malt"
"Glen Breton Ice 10yo","8.19","0.62","7","$$$$","SingleMalt-like","GH","G","Canada","Malt"
"Glen Breton Ice 17yo","8.82","0.12","3","$$$$$","SingleMalt-like","GH","G","Canada","Malt"
"Glen Breton Rare 10yo","8.04","0.45","13","$$$$","SingleMalt-like","GH","G","Canada","Malt"
"Glen Deveron 10yo (Macduff)","7.97","0.37","5","$$","SingleMalt-like","EF","E","Scotland","Malt"
"Glen Elgin 12yo","8.42","0.21","13","$$$$","SingleMalt-like","EF","E","Scotland","Malt"
"Glen Garioch 12yo","8.65","0.31","14","$$$$","SingleMalt-like","EF","F","Scotland","Malt"
"Glen Garioch 15yo Renaissance Chapter 1","8.77","0.26","5","$$$$","SingleMalt-like","ABC","C","Scotland","Malt"
"Glen Garioch 1991","8.96","0.15","3","$$$$","SingleMalt-like","I","I","Scotland","Malt"
"Glen Garioch 1994","9.03","0.35","7","$$$$","SingleMalt-like","I","I","Scotland","Malt"
"Glen Garioch 1995","8.94","0.31","9","$$$$","SingleMalt-like","I","I","Scotland","Malt"
"Glen Garioch 1997","8.54","0.15","6","$$$$","SingleMalt-like","I","I","Scotland","Malt"
"Glen Garioch 1999 Sherry Cask Matured","8.39","0.95","7","$$$$","SingleMalt-like","ABC","B","Scotland","Malt"
"Glen Garioch Founder's Reserve","8.35","0.37","16","$$$","SingleMalt-like","GH","G","Scotland","Malt"
"Glen Garioch Virgin Oak","8.11","0.50","6","$$$$","SingleMalt-like","EF","E","Scotland","Malt"
"Glen Grant 10yo","8.28","0.49","8","$$","SingleMalt-like","GH","H","Scotland","Malt"
"Glen Grant 12yo","8.38","0.59","6","$$$","SingleMalt-like","GH","H","Scotland","Malt"
"Glen Grant 16yo","8.52","0.29","7","$$$$","SingleMalt-like","EF","E","Scotland","Malt"
"Glen Grant 18yo","8.33","0.91","4","$$$$$","SingleMalt-like","EF","E","Scotland","Malt"
"Glen Grant 25yo","8.91","0.18","3","$$$$$","SingleMalt-like","EF","E","Scotland","Malt"
"Glen Grant Five Decades","8.78","0.24","6","$$$$$","SingleMalt-like","EF","E","Scotland","Malt"
"Glen Grant The Major's Reserve","7.92","0.66","9","$$","SingleMalt-like","GH","H","Scotland","Malt"
"Glen Moray 10yo Chardonnay Cask","8.16","0.56","9","$$","SingleMalt-like","EF","F","Scotland","Malt"
"Glen Moray 12yo Chenin Blanc","7.88","0.74","6","$$","SingleMalt-like","EF","F","Scotland","Malt"
"Glen Moray 12yo","8.03","0.29","12","$$","SingleMalt-like","GH","G","Scotland","Malt"
"Glen Moray 16yo Chenin Blanc","7.60","0.53","4","$$$","SingleMalt-like","EF","F","Scotland","Malt"
"Glen Moray 16yo","8.25","0.55","6","$$$","SingleMalt-like","ABC","C","Scotland","Malt"
"Glen Moray Classic Sherry Cask finish","8.50","0.28","3","$$","SingleMalt-like","ABC","B","Scotland","Malt"
"Glen Moray Classic","7.98","0.23","5","$","SingleMalt-like","GH","G","Scotland","Malt"
"Glen Scotia 12yo","8.32","0.52","9","$$$$","SingleMalt-like","I","I","Scotland","Malt"
"Glen Spey 12yo (F&F)","8.04","0.43","5","$$$","SingleMalt-like","GH","H","Scotland","Malt"
"Glenburgie 10yo (Gordon & MacPhail)","7.98","0.43","7","$$$","SingleMalt-like","EF","F","Scotland","Malt"
"Glencadam 10yo","8.45","0.43","12","$$$","SingleMalt-like","GH","H","Scotland","Malt"
"Glencadam 12yo Port Wood Finish","8.36","0.29","6","$$$","SingleMalt-like","ABC","C","Scotland","Malt"
"Glencadam 14yo Oloroso Sherry Cask Finish","8.68","0.51","4","$$$$","SingleMalt-like","ABC","C","Scotland","Malt"
"Glencadam 15yo","8.45","0.41","10","$$$$","SingleMalt-like","GH","H","Scotland","Malt"
"Glencadam 21yo","8.85","0.25","12","$$$$$","SingleMalt-like","GH","H","Scotland","Malt"
"Glencadam 25yo","9.09","0.01","3","$$$$$+","SingleMalt-like","EF","E","Scotland","Malt"
"Glencadam 30yo","8.82","0.19","3","$$$$$+","SingleMalt-like","GH","H","Scotland","Malt"
"Glencadam Origin 1825 (NAS)","8.34","0.14","3","$$","SingleMalt-like","EF","E","Scotland","Malt"
"Glendalough 13yo Single Malt","8.46","0.25","7","$$$$","SingleMalt-like","GH","G","Ireland","Malt"
"Glendalough 7yo Single Malt","8.21","0.30","6","$$$","SingleMalt-like","GH","G","Ireland","Malt"
"GlenDronach 12yo Original","8.59","0.22","20","$$$","SingleMalt-like","ABC","A","Scotland","Malt"
"GlenDronach 12yo Sauternes Cask Finish","8.84","0.13","5","$$$$","SingleMalt-like","ABC","A","Scotland","Malt"
"GlenDronach 14yo Sauternes Cask Finish","8.39","0.39","6","$$$$","SingleMalt-like","ABC","A","Scotland","Malt"
"GlenDronach 14yo Virgin Oak","8.53","0.32","10","$$$$","SingleMalt-like","GH","G","Scotland","Malt"
"GlenDronach 15yo Revival","8.91","0.28","19","$$$$","SingleMalt-like","ABC","A","Scotland","Malt"
"GlenDronach 15yo Tawny Port Finish","8.39","0.38","4","$$$$","SingleMalt-like","ABC","A","Scotland","Malt"
"GlenDronach 18yo Allardice","8.72","0.38","16","$$$$$","SingleMalt-like","ABC","A","Scotland","Malt"
"GlenDronach 18yo Marsala Finish","8.70","0.11","3","$$$$$","SingleMalt-like","ABC","B","Scotland","Malt"
"GlenDronach 18yo Tawny Port Finish","8.58","0.39","4","$$$$$","SingleMalt-like","ABC","A","Scotland","Malt"
"GlenDronach 19yo Madeira Finish","9.03","0.35","3","$$$$$","SingleMalt-like","EF","E","Scotland","Malt"
"GlenDronach 21yo Parliament","8.74","0.39","15","$$$$$","SingleMalt-like","ABC","A","Scotland","Malt"
"GlenDronach 8yo The Hielan","8.43","0.36","9","$$$","SingleMalt-like","EF","E","Scotland","Malt"
"GlenDronach Cask Strength (all batches)","8.90","0.20","16","$$$$","SingleMalt-like","ABC","A","Scotland","Malt"
"GlenDronach Cask Strength (batch 1)","9.06","0.27","6","$$$$","SingleMalt-like","ABC","A","Scotland","Malt"
"GlenDronach Cask Strength (batch 2)","9.04","0.10","6","$$$$","SingleMalt-like","ABC","A","Scotland","Malt"
"GlenDronach Cask Strength (batch 3)","8.89","0.39","5","$$$$","SingleMalt-like","ABC","A","Scotland","Malt"
"GlenDronach Cask Strength (batch 4)","8.92","0.29","10","$$$$","SingleMalt-like","ABC","A","Scotland","Malt"
"GlenDronach Cask Strength (batch 5)","8.82","0.16","8","$$$$","SingleMalt-like","ABC","A","Scotland","Malt"
"GlenDronach Peated","8.51","0.30","9","$$$","SingleMalt-like","I","I","Scotland","Malt"
vintages)","8.97","0.35","13","$$$$$","SingleMalt-like","ABC","A","Scotland","Malt"
vintages)","9.02","0.37","12","$$$$$","SingleMalt-like","ABC","A","Scotland","Malt"
"Glenfarclas 105","8.72","0.36","22","$$$$","SingleMalt-like","ABC","C","Scotland","Malt"
"Glenfarclas 10yo","8.33","0.31","14","$$$","SingleMalt-like","ABC","B","Scotland","Malt"
"Glenfarclas 12yo","8.58","0.33","19","$$$","SingleMalt-like","ABC","C","Scotland","Malt"
"Glenfarclas 15yo","8.67","0.29","16","$$$$","SingleMalt-like","ABC","B","Scotland","Malt"
"Glenfarclas 17yo","8.76","0.27","17","$$$$$","SingleMalt-like","ABC","B","Scotland","Malt"
"Glenfarclas 21yo","8.58","0.31","13","$$$$$","SingleMalt-like","ABC","B","Scotland","Malt"
"Glenfarclas 25yo","8.73","0.28","12","$$$$$","SingleMalt-like","ABC","C","Scotland","Malt"
"Glenfarclas 40yo","9.27","0.29","12","$$$$$+","SingleMalt-like","ABC","A","Scotland","Malt"
"Glenfiddich 12yo Caoran Reserve","7.85","0.52","8","$$$$$","SingleMalt-like","I","I","Scotland","Malt"
"Glenfiddich 12yo","8.11","0.23","24","$$$","SingleMalt-like","GH","G","Scotland","Malt"
"Glenfiddich 14yo Bourbon Barrel Reserve","8.44","0.17","6","$$$$","SingleMalt-like","EF","E","Scotland","Malt"
"Glenfiddich 14yo Rich Oak","8.60","0.32","9","$$$","SingleMalt-like","EF","E","Scotland","Malt"
"Glenfiddich 15yo Distillery Edition","8.71","0.30","13","$$$$","SingleMalt-like","EF","E","Scotland","Malt"
"Glenfiddich 15yo Solera","8.60","0.25","24","$$$$","SingleMalt-like","ABC","A","Scotland","Malt"
"Glenfiddich 18yo","8.59","0.37","18","$$$$$","SingleMalt-like","EF","E","Scotland","Malt"
"Glenfiddich 1963 Original Malt","8.28","0.46","7","$$$$","SingleMalt-like","GH","G","Scotland","Malt"
"Glenfiddich 19yo Age of Discovery (Bourbon Cask)","8.76","0.28","8","$$$$$","SingleMalt-like","EF","E","Scotland","Malt"
"Glenfiddich 19yo Age of Discovery (Madeira Cask)","8.43","0.47","12","$$$$$","SingleMalt-like","ABC","A","Scotland","Malt"
"Glenfiddich 21yo Gran Reserva","8.65","0.33","14","$$$$$","SingleMalt-like","ABC","C","Scotland","Malt"
"Glenfiddich 26yo Excellence","8.72","0.46","6","$$$$$+","SingleMalt-like","GH","G","Scotland","Malt"
"Glenfiddich 30yo","9.06","0.13","3","$$$$$+","SingleMalt-like","EF","E","Scotland","Malt"
"Glenfiddich Cask of Dreams","8.75","0.22","7","$$$$$","SingleMalt-like","EF","F","Scotland","Malt"
"Glenfiddich Experimental Series IPA Cask Finish","8.30","0.54","7","$$$","SingleMalt-like","EF","E","Scotland","Malt"
"Glenfiddich Malt Master's Edition","8.31","0.29","7","$$$$","SingleMalt-like","ABC","A","Scotland","Malt"
"Glenfiddich Reserve Cask","8.29","0.25","6","$$$","SingleMalt-like","ABC","A","Scotland","Malt"
"Glenfiddich Select Cask","8.22","0.38","10","$$$","SingleMalt-like","EF","E","Scotland","Malt"
"Glenfiddich Snow Pheonix","8.79","0.39","9","$$$$$+","SingleMalt-like","ABC","C","Scotland","Malt"
"Glenfiddich Vintage Cask","8.59","0.11","4","$$$$","SingleMalt-like","I","I","Scotland","Malt"
"Glenglassaugh 26yo","8.53","0.54","5","$$$$$+","SingleMalt-like","ABC","A","Scotland","Malt"
"Glengoyne 10yo","8.25","0.31","12","$$$","SingleMalt-like","GH","G","Scotland","Malt"
"Glengoyne 12yo Cask Strength","8.58","0.40","10","$$$$","SingleMalt-like","ABC","B","Scotland","Malt"
"Glengoyne 12yo","8.53","0.38","10","$$$","SingleMalt-like","ABC","B","Scotland","Malt"
"Glengoyne 15yo","8.48","0.54","9","$$$$","SingleMalt-like","ABC","B","Scotland","Malt"
"Glengoyne 17yo","8.46","0.20","11","$$$$$","SingleMalt-like","EF","E","Scotland","Malt"
"Glengoyne 18yo","8.60","0.38","13","$$$$$","SingleMalt-like","ABC","C","Scotland","Malt"
"Glengoyne 21yo","8.87","0.20","14","$$$$$","SingleMalt-like","ABC","A","Scotland","Malt"
"Glengoyne 25yo","9.14","0.26","9","$$$$$+","SingleMalt-like","ABC","A","Scotland","Malt"
"Glengoyne 40yo","8.95","0.81","3","$$$$$+","SingleMalt-like","ABC","A","Scotland","Malt"
"Glengoyne Cask Strength (all batches)","8.61","0.47","11","$$$$","SingleMalt-like","ABC","B","Scotland","Malt"
"Glengoyne Cask Strength (batch 1)","8.75","0.46","4","$$$$","SingleMalt-like","ABC","B","Scotland","Malt"
"Glengoyne Cask Strength (batch 2)","8.69","0.40","3","$$$$","SingleMalt-like","ABC","B","Scotland","Malt"
"Glengoyne Cask Strength (batch 3)","8.46","0.79","5","$$$$","SingleMalt-like","ABC","B","Scotland","Malt"
"Glengoyne Cask Strength (batch 4)","8.60","0.15","4","$$$$","SingleMalt-like","ABC","B","Scotland","Malt"
"Glengoyne Teapot Dram (all batches)","8.84","0.44","6","$$$$$","SingleMalt-like","ABC","A","Scotland","Malt"
"Glenkinchie 12yo","8.28","0.16","14","$$$","SingleMalt-like","GH","G","Scotland","Malt"
"Glenkinchie Distiller's Edition (all editions)","8.42","0.26","13","$$$$","SingleMalt-like","GH","B","Scotland","Malt"
"Glenlivet 12yo","8.07","0.30","20","$$$","SingleMalt-like","EF","E","Scotland","Malt"
"Glenlivet 15yo French Oak","8.38","0.25","17","$$$$","SingleMalt-like","EF","F","Scotland","Malt"
"Glenlivet 18yo","8.61","0.21","21","$$$$$","SingleMalt-like","EF","E","Scotland","Malt"
"Glenlivet 21yo Archive (all batches)","8.83","0.31","12","$$$$$","SingleMalt-like","EF","E","Scotland","Malt"
"Glenlivet Alpha","8.96","0.11","4","$$$$$+","SingleMalt-like","ABC","C","Scotland","Malt"
"Glenlivet Cipher","8.61","0.32","7","$$$$","SingleMalt-like","EF","E","Scotland","Malt"
"Glenlivet Founder's Reserve","7.96","0.43","12","$$","SingleMalt-like","EF","E","Scotland","Malt"
"Glenlivet Nadurra 16yo","8.87","0.20","21","$$$$","SingleMalt-like","ABC","C","Scotland","Malt"
"Glenlivet Nadurra First Fill (White Oak)","9.06","0.28","3","$$$$","SingleMalt-like","EF","E","Scotland","Malt"
"Glenlivet Nadurra Oloroso","8.33","0.75","10","$$$$","SingleMalt-like","ABC","A","Scotland","Malt"
"Glenlivet XXV 25yo","8.90","0.18","10","$$$$$+","SingleMalt-like","ABC","C","Scotland","Malt"
"Glenlossie 10yo (F&F)","8.19","0.30","9","$$$","SingleMalt-like","GH","G","Scotland","Malt"
"Glenmorangie 10yo","8.50","0.44","23","$$$","SingleMalt-like","GH","G","Scotland","Malt"
"Glenmorangie 18yo","8.69","0.32","14","$$$$$","SingleMalt-like","EF","E","Scotland","Malt"
"Glenmorangie A Midwinter Night’s Dram","8.69","0.28","5","$$$$$","SingleMalt-like","ABC","A","Scotland","Malt"
"Glenmorangie Companta","8.85","0.56","12","$$$$$","SingleMalt-like","ABC","C","Scotland","Malt"
"Glenmorangie Dornoch","8.56","0.63","8","$$$$","SingleMalt-like","ABC","C","Scotland","Malt"
"Glenmorangie Duthac","8.55","0.26","8","$$$$","SingleMalt-like","ABC","C","Scotland","Malt"
"Glenmorangie Ealanta","8.89","0.29","14","$$$$$+","SingleMalt-like","EF","F","Scotland","Malt"
"Glenmorangie Lasanta","8.41","0.36","19","$$$","SingleMalt-like","ABC","A","Scotland","Malt"
"Glenmorangie Milsean","8.48","0.36","10","$$$$$","SingleMalt-like","ABC","A","Scotland","Malt"
"Glenmorangie Nectar d'Or","8.76","0.28","20","$$$$","SingleMalt-like","ABC","A","Scotland","Malt"
"Glenmorangie Quinta Ruban","8.57","0.48","21","$$$","SingleMalt-like","ABC","B","Scotland","Malt"
"Glenmorangie Signet","8.99","0.40","18","$$$$$","SingleMalt-like","ABC","C","Scotland","Malt"
"Glenmorangie Taghta","8.70","0.31","9","$$$$$","SingleMalt-like","ABC","C","Scotland","Malt"
"Glenmorangie Tusail","8.83","0.34","11","$$$$$","SingleMalt-like","GH","G","Scotland","Malt"
"Glenrothes Alba Reserve","8.39","0.15","8","$$$","SingleMalt-like","GH","G","Scotland","Malt"
"Glenrothes Bourbon Cask Reserve","8.16","0.17","3","$$$","SingleMalt-like","GH","G","Scotland","Malt"
"Glenrothes Elders' Reserve","8.26","0.72","7","$$$$","SingleMalt-like","EF","E","Scotland","Malt"
"Glenrothes Minister's Reserve","8.73","0.17","4","$$$$$","SingleMalt-like","ABC","A","Scotland","Malt"
"Glenrothes Peated Cask Reserve","8.12","0.54","3","$$$","SingleMalt-like","I","I","Scotland","Malt"
"Glenrothes Robur Reserve","8.23","0.39","6","$$","SingleMalt-like","ABC","B","Scotland","Malt"
"Glenrothes Select Reserve","7.83","0.32","13","$$$","SingleMalt-like","EF","E","Scotland","Malt"
"Glenrothes Sherry Cask Reserve","8.13","0.72","9","$$$$","SingleMalt-like","ABC","A","Scotland","Malt"
"Glenrothes Vintage 1995 (all bottlings)","8.62","0.26","14","$$$$","SingleMalt-like","EF","E","Scotland","Malt"
"Glenrothes Vintage 1998 (2014)","8.33","0.63","10","$$$$","SingleMalt-like","EF","F","Scotland","Malt"
"Glenrothes Vintage 2001 (all bottlings)","8.19","0.62","9","$$$$","SingleMalt-like","EF","E","Scotland","Malt"
"Glenrothes Vintage Reserve (NAS)","8.52","0.25","6","$$$","SingleMalt-like","EF","E","Scotland","Malt"
"Glentauchers 1991 18yo (Gordon & MacPhail)","8.43","0.25","3","$$$$","SingleMalt-like","ABC","B","Scotland","Malt"
"Glenturret 10yo","8.10","0.52","11","$$","SingleMalt-like","GH","G","Scotland","Malt"
"Gouden Carolus Single Malt","8.09","0.18","3","$$$$","SingleMalt-like","EF","E","Belgium","Malt"
"Green Spot Château Léoville Barton","8.82","0.34","7","$$$$","SingleMalt-like","ABC","C","Ireland","Blend"
"Green Spot","8.50","0.38","16","$$$$","SingleMalt-like","EF","F","Ireland","Malt"
"Hakushu 10yo","8.77","0.25","4","$$$","SingleMalt-like","GH","H","Japan","Malt"
"Hakushu 12yo","8.72","0.21","18","$$$$","SingleMalt-like","GH","H","Japan","Malt"
"Hakushu 18yo","8.74","0.32","8","$$$$$","SingleMalt-like","EF","F","Japan","Malt"
"Hakushu NAS","8.32","0.36","5","$$$","SingleMalt-like","GH","H","Japan","Malt"
"Hakushu Sherry Cask","8.98","0.43","7","$$$$$+","SingleMalt-like","ABC","B","Japan","Malt"
"Hakushu Single Malt Heavily Peated","8.79","0.33","12","$$$$$+","SingleMalt-like","I","I","Japan","Malt"
"Hazelburn 12yo (Springbank)","8.64","0.24","15","$$$$","SingleMalt-like","ABC","C","Scotland","Malt"
"Hazelburn 8yo (Springbank)","8.38","0.39","11","$$$$","SingleMalt-like","GH","G","Scotland","Malt"
"Hibiki 12yo","8.62","0.24","19","$$$$","SingleMalt-like","GH","G","Japan","Blend"
"Hibiki 17yo","8.77","0.31","14","$$$$$","SingleMalt-like","EF","E","Japan","Blend"
"Hibiki 21yo","9.11","0.25","8","$$$$$+","SingleMalt-like","EF","E","Japan","Blend"
"Hibiki Harmony Master's Select","8.06","1.04","3","$$$$$","SingleMalt-like","GH","G","Japan","Blend"
"Hibiki Harmony","8.38","0.60","15","$$$$","SingleMalt-like","GH","G","Japan","Blend"
"Highland Park 10yo","8.50","0.27","14","$$$","SingleMalt-like","I","I","Scotland","Malt"
"Highland Park 12yo (all reviews)","8.68","0.21","23","$$$","SingleMalt-like","I","I","Scotland","Malt"
"Highland Park 12yo (reviews post-mid 2014)","8.44","0.35","13","$$$","SingleMalt-like","I","I","Scotland","Malt"
"Highland Park 12yo (reviews pre-mid 2014)","8.79","0.25","18","$$$","SingleMalt-like","I","I","Scotland","Malt"
"Highland Park 15yo Fire","8.74","0.40","8","$$$$$+","SingleMalt-like","ABC","C","Scotland","Malt"
"Highland Park 15yo Freya","8.71","0.39","12","$$$$$+","SingleMalt-like","I","I","Scotland","Malt"
"Highland Park 15yo Loki","9.04","0.23","15","$$$$$+","SingleMalt-like","ABC","C","Scotland","Malt"
"Highland Park 15yo","8.72","0.26","11","$$$$","SingleMalt-like","ABC","C","Scotland","Malt"
"Highland Park 16yo Odin","9.09","0.25","7","$$$$$+","SingleMalt-like","ABC","C","Scotland","Malt"
"Highland Park 16yo Thor","8.90","0.32","12","$$$$$+","SingleMalt-like","ABC","C","Scotland","Malt"
"Highland Park 17yo Ice","8.69","0.27","8","$$$$$+","SingleMalt-like","I","I","Scotland","Malt"
"Highland Park 18yo","9.08","0.22","23","$$$$$","SingleMalt-like","ABC","C","Scotland","Malt"
"Highland Park 21yo","8.90","0.40","16","$$$$$+","SingleMalt-like","ABC","C","Scotland","Malt"
"Highland Park 25yo","9.17","0.24","13","$$$$$+","SingleMalt-like","ABC","C","Scotland","Malt"
"Highland Park 30yo","9.15","0.41","12","$$$$$+","SingleMalt-like","ABC","C","Scotland","Malt"
"Highland Park 40yo","9.17","0.44","10","$$$$$+","SingleMalt-like","ABC","C","Scotland","Malt"
"Highland Park Dark Origins","8.48","0.46","19","$$$$","SingleMalt-like","ABC","C","Scotland","Malt"
"Highland Park Einar","8.27","0.38","7","$$$","SingleMalt-like","I","I","Scotland","Malt"
"Highland Park Harald","8.29","0.41","12","$$$$","SingleMalt-like","GH","G","Scotland","Malt"
"Highland Park Sigurd","9.04","0.29","7","$$$$$","SingleMalt-like","I","I","Scotland","Malt"
"Highland Park Svein","8.22","0.37","10","$$$","SingleMalt-like","GH","G","Scotland","Malt"
"Ichiro's Malt Chichibu The First","8.50","0.37","12","$$$$$+","SingleMalt-like","GH","G","Japan","Malt"
"Ichiro's Malt Chichibu The Floor Malted","8.45","0.41","5","$$$$$+","SingleMalt-like","GH","G","Japan","Malt"
"Ichiro's Malt Chichibu The Peated","8.79","0.30","7","$$$$$+","SingleMalt-like","J","J","Japan","Malt"
"Ichiro's Malt Double Distilleries","8.66","0.25","7","$$$$$","SingleMalt-like","EF","E","Japan","Malt"
"Ichiro's Malt Mizunara Wood Reserve (MWR)","8.20","0.51","8","$$$$$","SingleMalt-like","GH","H","Japan","Malt"
"Ichiro's Malt The Joker","9.24","0.19","4","$$$$$+","SingleMalt-like","EF","F","Japan","Malt"
"Ileach Peated Islay Cask Strength","8.77","0.38","10","$$$","SingleMalt-like","J","J","Scotland","Malt"
"Ileach Peated Islay","8.38","0.25","7","$$","SingleMalt-like","J","J","Scotland","Malt"
"Inchgower 14yo (F&F)","8.68","0.45","7","$$$$","SingleMalt-like","GH","H","Scotland","Malt"
"Jura 10yo Origin","8.06","0.35","16","$$$","SingleMalt-like","I","I","Scotland","Malt"
"Jura 12yo Elixir","8.32","0.46","10","$$$","SingleMalt-like","ABC","C","Scotland","Malt"
"Jura 16yo Diurach's Own","8.50","0.37","13","$$$$","SingleMalt-like","ABC","C","Scotland","Malt"
"Jura 16yo","7.99","0.46","5","$$$$","SingleMalt-like","ABC","C","Scotland","Malt"
"Jura 21yo 200th Anniversary","8.14","0.82","3","$$$$$","SingleMalt-like","ABC","C","Scotland","Malt"
"Jura 21yo","8.38","0.76","6","$$$$$","SingleMalt-like","ABC","C","Scotland","Malt"
"Jura Brooklyn","8.77","0.21","6","$$$$","SingleMalt-like","ABC","C","Scotland","Malt"
"Jura Prophecy","8.66","0.31","15","$$$$","SingleMalt-like","J","J","Scotland","Malt"
"Jura Superstition","8.26","0.44","20","$$$","SingleMalt-like","I","I","Scotland","Malt"
"Jura Turas Mara","7.93","0.54","5","$$","SingleMalt-like","ABC","C","Scotland","Malt"
"Karuizawa 1990 Sherry Butt","9.01","0.27","4","$$$$$+","SingleMalt-like","ABC","A","Japan","Malt"
"Karuizawa Asama Vintages 1999-2000","8.65","0.43","9","$$$$$+","SingleMalt-like","ABC","C","Japan","Malt"
"Kavalan Concertmaster Port Cask","8.28","0.54","18","$$$$","SingleMalt-like","ABC","C","Taiwan","Malt"
"Kavalan Distillery Reserve Peaty Cask","8.76","0.34","4","$$$$$+","SingleMalt-like","I","I","Taiwan","Malt"
"Kavalan ex-Bourbon Oak","9.07","0.23","3","$$$$","SingleMalt-like","EF","E","Taiwan","Malt"
"Kavalan King Car Conductor","8.42","0.38","8","$$$$","SingleMalt-like","GH","G","Taiwan","Malt"
"Kavalan Podium","8.81","0.35","7","$$$$","SingleMalt-like","GH","G","Taiwan","Malt"
"Kavalan Sherry Oak","8.73","0.28","5","$$$$$","SingleMalt-like","ABC","B","Taiwan","Malt"
"Kavalan Single Malt Whisky","8.43","0.50","17","$$$$","SingleMalt-like","GH","G","Taiwan","Malt"
"Kavalan Solist Ex-Bourbon","8.86","0.23","17","$$$$$","SingleMalt-like","EF","E","Taiwan","Malt"
"Kavalan Solist Fino Sherry Cask","8.99","0.34","10","$$$$$+","SingleMalt-like","ABC","A","Taiwan","Malt"
"Kavalan Solist Moscatel Cask","9.24","0.17","3","$$$$$+","SingleMalt-like","GH","G","Scotland","Malt"
"Kavalan Solist Port Cask","8.79","0.44","5","$$$$$","SingleMalt-like","ABC","C","Scotland","Malt"
"Kavalan Solist PX Cask","9.10","0.13","3","$$$$$+","SingleMalt-like","ABC","A","Taiwan","Malt"
"Kavalan Solist Sherry Cask","9.12","0.34","14","$$$$$","SingleMalt-like","ABC","A","Taiwan","Malt"
"Kavalan Solist Vinho Barrique","8.98","0.34","13","$$$$$","SingleMalt-like","ABC","A","Taiwan","Malt"
"Kilbeggan Irish Reserve Malt Whiskey","7.98","0.53","6","$$","SingleMalt-like","GH","G","Ireland","Malt"
"Kilchoman 100% Islay (all editions)","8.76","0.25","15","$$$$","SingleMalt-like","J","J","Scotland","Malt"
"Kilchoman 2007 Vintage","8.95","0.29","9","$$$$","SingleMalt-like","J","J","Scotland","Malt"
"Kilchoman 2008 Vintage","9.02","0.21","5","$$$$","SingleMalt-like","J","J","Scotland","Malt"
"Kilchoman Bourbon Single Cask","8.95","0.24","12","$$$$","SingleMalt-like","I","I","Scotland","Malt"
"Kilchoman Coull Point","8.71","0.26","6","$$$$$","SingleMalt-like","I","I","Scotland","Malt"
"Kilchoman Loch Gorm","8.87","0.26","19","$$$$","SingleMalt-like","ABC","C","Scotland","Malt"
"Kilchoman Machir Bay (all vintages)","8.77","0.23","20","$$$$","SingleMalt-like","J","J","Scotland","Malt"
"Kilchoman Madeira Cask Matured","8.59","0.34","7","$$$$$","SingleMalt-like","ABC","C","Scotland","Malt"
"Kilchoman Original Cask Strength","8.94","0.58","7","$$$$","SingleMalt-like","J","J","Scotland","Malt"
"Kilchoman Port Cask Matured","9.07","0.19","5","$$$$$","SingleMalt-like","ABC","C","Scotland","Malt"
"Kilchoman PX Sherry Finish","8.88","0.20","7","$$$$$","SingleMalt-like","ABC","C","Scotland","Malt"
"Kilchoman Sanaig","8.73","0.28","12","$$$$","SingleMalt-like","I","I","Scotland","Malt"
"Kilchoman Sherry Single Cask","8.62","0.54","13","$$$$$","SingleMalt-like","ABC","C","Scotland","Malt"
"Kilchoman Spring 2011 Release","8.74","0.24","8","$$$$","SingleMalt-like","J","J","Scotland","Malt"
"Kilchoman Winter 2010 Release","8.54","0.15","4","$$$$","SingleMalt-like","J","J","Scotland","Malt"
"Kilkerran 12yo","8.93","0.19","11","$$$","SingleMalt-like","GH","G","Scotland","Malt"
"Kilkerran Work in Progress Bourbon Wood","8.78","0.42","10","$$$$","SingleMalt-like","GH","G","Scotland","Malt"
"Kilkerran Work in Progress Sherry Wood","8.58","0.32","9","$$$$","SingleMalt-like","EF","E","Scotland","Malt"
"Kilkerran Work in Progress","8.56","0.32","13","$$$$","SingleMalt-like","GH","G","Scotland","Malt"
"Kininvie 17yo (all batches)","8.83","0.32","9","$$$$$+","SingleMalt-like","EF","E","Scotland","Malt"
"Kininvie 23yo (all batches)","8.57","0.35","8","$$$$$+","SingleMalt-like","EF","E","Scotland","Malt"
"Kirin 18yo (Fuji Sanroku)","8.94","0.55","3","$$$$$+","SingleMalt-like","GH","G","Japan","Malt"
"Knappogue Castle 12yo","8.51","0.39","12","$$$","SingleMalt-like","GH","G","Ireland","Malt"
"Knappogue Castle 14yo Twin Wood","8.13","0.67","4","$$$$","SingleMalt-like","EF","E","Ireland","Malt"
"Knappogue Castle 16yo Twin Wood","8.79","0.48","5","$$$$","SingleMalt-like","ABC","C","Ireland","Malt"
"Knappogue Castle Vintage","8.11","0.78","5","$$$","SingleMalt-like","GH","H","Ireland","Malt"
"Knockando 12yo (All Vintages)","7.94","0.41","12","$$","SingleMalt-like","GH","G","Scotland","Malt"
"Lagavulin 12yo Cask Strength","9.12","0.18","19","$$$$$","SingleMalt-like","J","J","Scotland","Malt"
"Lagavulin 16yo","9.22","0.24","26","$$$$","SingleMalt-like","J","J","Scotland","Malt"
"Lagavulin 8yo","8.86","0.26","16","$$$$","SingleMalt-like","J","J","Scotland","Malt"
"Lagavulin Distiller's Edition (All Vintages)","9.04","0.22","20","$$$$$","SingleMalt-like","J","J","Scotland","Malt"
"Laphroaig 10yo Cask Strength (all batches)","8.96","0.35","19","$$$$","SingleMalt-like","J","J","Scotland","Malt"
"Laphroaig 10yo","8.87","0.24","20","$$$","SingleMalt-like","J","J","Scotland","Malt"
"Laphroaig 15yo (200th Anniversary)","8.80","0.29","15","$$$$","SingleMalt-like","J","J","Scotland","Malt"
"Laphroaig 18yo","9.03","0.27","18","$$$$$","SingleMalt-like","J","J","Scotland","Malt"
"Laphroaig 21yo","9.22","0.24","9","$$$$$+","SingleMalt-like","J","J","Scotland","Malt"
"Laphroaig 25yo","9.16","0.30","15","$$$$$+","SingleMalt-like","ABC","C","Scotland","Malt"
"Laphroaig An Cuan Mor","8.87","0.14","11","$$$$","SingleMalt-like","J","J","Scotland","Malt"
"Laphroaig Cairdeas 2013 Port Wood","8.83","0.46","12","$$$$","SingleMalt-like","ABC","C","Scotland","Malt"
"Laphroaig Cairdeas 2014 Amontillado","8.95","0.22","9","$$$$","SingleMalt-like","J","J","Scotland","Malt"
"Laphroaig Cairdeas 2015","9.16","0.17","7","$$$$","SingleMalt-like","J","J","Scotland","Malt"
"Laphroaig Cairdeas 2016 Madeira","8.85","0.41","12","$$$$","SingleMalt-like","J","J","Scotland","Malt"
"Laphroaig Lore","8.62","0.32","15","$$$$$","SingleMalt-like","J","J","Scotland","Malt"
"Laphroaig PX Triple Matured","8.81","0.57","12","$$$$","SingleMalt-like","ABC","C","Scotland","Malt"
"Laphroaig QA Cask","7.27","0.56","9","$$$","SingleMalt-like","J","J","Scotland","Malt"
"Laphroaig Quarter Cask","8.31","0.26","21","$$$$","SingleMalt-like","J","J","Scotland","Malt"
"Laphroaig Select","8.04","0.36","13","$$$","SingleMalt-like","ABC","C","Scotland","Malt"
"Laphroaig Triple Wood","8.70","0.34","17","$$$$","SingleMalt-like","J","J","Scotland","Malt"
"Ledaig 10yo","8.34","0.37","20","$$$","SingleMalt-like","I","I","Scotland","Malt"
"Ledaig 18yo","8.58","0.76","7","$$$$$","SingleMalt-like","ABC","C","Scotland","Malt"
"Ledaig 42yo Old Dusgadh","9.48","0.27","3","$$$$$+","SingleMalt-like","ABC","C","Scotland","Malt"
"Linkwood 12yo (F&F)","8.60","0.35","6","$$$$","SingleMalt-like","GH","H","Scotland","Malt"
"Lismore 21yo","8.43","0.17","3","$$$$$","SingleMalt-like","ABC","C","Scotland","Malt"
"Loch Lomond","7.63","0.45","10","$","SingleMalt-like","GH","H","Scotland","Malt"
"Longmorn 15yo","8.83","0.37","8","$$$$$","SingleMalt-like","ABC","C","Scotland","Malt"
"Longmorn 16yo","8.74","0.33","17","$$$$","SingleMalt-like","ABC","C","Scotland","Malt"
"Longmorn Distiller's Choice","7.99","0.29","8","$$$$","SingleMalt-like","ABC","C","Scotland","Malt"
"Longrow 10yo Tokaji Finish","7.48","1.09","6","$$$$$","SingleMalt-like","I","I","Scotland","Malt"
"Longrow 10yo","8.58","0.40","12","$$$$","SingleMalt-like","GH","G","Scotland","Malt"
"Longrow 18yo","9.10","0.27","10","$$$$$","SingleMalt-like","J","J","Scotland","Malt"
"Longrow 7yo Gaja Barolo Finish","8.56","0.54","6","$$$$","SingleMalt-like","I","I","Scotland","Malt"
"Longrow CV","8.83","0.29","15","$$$","SingleMalt-like","J","J","Scotland","Malt"
"Longrow Peated","8.83","0.17","12","$$$","SingleMalt-like","J","J","Scotland","Malt"
"Longrow Red 11yo Australian Shiraz","8.82","0.34","5","$$$$$","SingleMalt-like","ABC","C","Scotland","Malt"
"Longrow Red 11yo Cabernet Sauvignon","8.36","1.18","10","$$$$$","SingleMalt-like","ABC","C","Scotland","Malt"
"Longrow Red 11yo Port Cask","8.71","0.37","12","$$$$","SingleMalt-like","ABC","C","Scotland","Malt"
"Longrow Red 12yo Pinot Noir Finish","8.82","0.34","6","$$$$$","SingleMalt-like","ABC","C","Scotland","Malt"
"Longrow Red 14yo Burgundy Wood","8.55","0.69","5","$$$$$","SingleMalt-like","ABC","C","Scotland","Malt"
"Macallan 10yo Fine Oak","8.24","0.30","17","$$$","SingleMalt-like","EF","E","Scotland","Malt"
"Macallan 10yo Sherry Oak Cask Strength","8.89","0.51","6","$$$$$+","SingleMalt-like","ABC","A","Scotland","Malt"
"Macallan 10yo Sherry Oak","8.42","0.35","9","$$$","SingleMalt-like","ABC","A","Scotland","Malt"
"Macallan 12yo Double Cask","8.54","0.40","7","$$$$","SingleMalt-like","EF","E","Scotland","Malt"
"Macallan 12yo Fine Oak","8.48","0.40","14","$$$$","SingleMalt-like","GH","G","Scotland","Malt"
"Macallan 12yo Sherry Oak","8.59","0.27","20","$$$$","SingleMalt-like","ABC","A","Scotland","Malt"
"Macallan 15yo Fine Oak","8.38","0.52","10","$$$$$","SingleMalt-like","EF","E","Scotland","Malt"
"Macallan 17yo Fine Oak","8.80","0.55","9","$$$$$","SingleMalt-like","GH","G","Scotland","Malt"
"Macallan 1824 Amber","8.30","0.39","12","$$$","SingleMalt-like","EF","E","Scotland","Malt"
"Macallan 1824 Gold","8.27","0.27","15","$$$","SingleMalt-like","GH","G","Scotland","Malt"
"Macallan 1824 Rare Cask","8.69","0.41","10","$$$$$+","SingleMalt-like","ABC","A","Scotland","Malt"
"Macallan 1824 Ruby","8.76","0.22","12","$$$$$","SingleMalt-like","ABC","A","Scotland","Malt"
"Macallan 1824 Sienna","8.74","0.34","17","$$$$$","SingleMalt-like","ABC","C","Scotland","Malt"
"Macallan 18yo Fine Oak","8.82","0.31","12","$$$$$","SingleMalt-like","EF","E","Scotland","Malt"
"Macallan 18yo Sherry Oak","8.89","0.34","16","$$$$$+","SingleMalt-like","ABC","A","Scotland","Malt"
"Macallan 21yo Fine Oak","8.53","0.40","6","$$$$$+","SingleMalt-like","EF","E","Scotland","Malt"
"Macallan 25yo Fine Oak","8.64","0.25","3","$$$$$+","SingleMalt-like","ABC","C","Scotland","Malt"
"Macallan 25yo Sherry Oak","8.85","0.46","8","$$$$$+","SingleMalt-like","ABC","A","Scotland","Malt"
"Macallan 30yo Fine Oak","8.58","0.35","6","$$$$$+","SingleMalt-like","ABC","C","Scotland","Malt"
"Macallan Cask Strength","8.88","0.38","12","$$$$$+","SingleMalt-like","ABC","A","Scotland","Malt"
"Macallan Edition No. 1","8.82","0.48","8","$$$$$","SingleMalt-like","EF","E","Scotland","Malt"
"Macallan Edition No. 2","8.82","0.25","8","$$$$$","SingleMalt-like","EF","E","Scotland","Malt"
"Macallan Reflexion","8.64","0.31","3","$$$$$+","SingleMalt-like","ABC","A","Scotland","Malt"
"Macallan Select Oak","8.28","0.37","10","$$$","SingleMalt-like","ABC","C","Scotland","Malt"
"Macallan Whisky Maker's Edition","8.56","0.36","12","$$$$","SingleMalt-like","ABC","A","Scotland","Malt"
Whisky","8.80","0.35","17","$$$$$","SingleMalt-like","GH","H","Scotland","Malt"
"Mackmyra Brukswhisky","8.45","0.60","9","$$$","SingleMalt-like","GH","H","Sweden","Malt"
"Mackmyra Midnattssol","8.14","0.72","5","$$$$","SingleMalt-like","GH","H","Sweden","Malt"
"Mackmyra Midvinter","8.55","0.52","3","$$$","SingleMalt-like","ABC","C","Sweden","Malt"
"Mackmyra Moment Glöd","8.85","0.42","4","$$$$$","SingleMalt-like","EF","E","Sweden","Malt"
"Mackmyra Moment Jord","8.56","0.61","3","$$$$","SingleMalt-like","EF","E","Sweden","Malt"
"Mackmyra Moment Källa","8.47","0.32","3","$$$$$","SingleMalt-like","EF","E","Sweden","Malt"
"Mackmyra Moment Malström (Maelstrom)","8.46","0.72","3","$$$$$","SingleMalt-like","EF","E","Sweden","Malt"
"Mackmyra Moment Rimfrost","8.77","0.34","3","$$$$$","SingleMalt-like","EF","E","Sweden","Malt"
"Mackmyra Moment Solsken","8.50","0.51","3","$$$$$","SingleMalt-like","EF","E","Sweden","Malt"
"Mackmyra Moment Urberg","8.82","0.24","3","$$$$$","SingleMalt-like","EF","E","Sweden","Malt"
"Mackmyra Preludium 03","8.60","0.86","5","$$$$$","SingleMalt-like","GH","H","Sweden","Malt"
"Mackmyra Reserve Single Cask (various casks)","9.01","0.49","7","$$$$$","SingleMalt-like","EF","E","Sweden","Malt"
"Mackmyra Svensk Ek","8.34","0.23","3","$$$$","SingleMalt-like","GH","H","Sweden","Malt"
"Mackmyra Svensk Rök","8.72","0.14","4","$$$$","SingleMalt-like","I","I","Sweden","Malt"
"Mackmyra The First Edition (Den Första Utgåvan)","8.65","0.36","17","$$$","SingleMalt-like","GH","H","Sweden","Malt"
"Mannochmore 12yo (F&F)","8.25","0.15","4","$$$","SingleMalt-like","GH","G","Scotland","Malt"
"McClelland's Highland Single Malt","7.11","0.52","7","$$","SingleMalt-like","GH","G","Scotland","Malt"
"McClelland's Islay Single Malt","7.97","0.63","8","$$","SingleMalt-like","J","J","Scotland","Malt"
"McClelland's Lowland Single Malt","7.03","0.53","4","$$","SingleMalt-like","GH","H","Scotland","Malt"
"McClelland's Speyside Single Malt","6.72","0.44","6","$$","SingleMalt-like","EF","F","Scotland","Malt"
"Midleton Barry Crockett Legacy","9.07","0.24","9","$$$$$","SingleMalt-like","GH","G","Ireland","Blend"
"Midleton Dair Ghaelach","9.09","0.29","7","$$$$$","SingleMalt-like","EF","E","Ireland","Blend"
"Midleton Very Rare (all vintages)","8.83","0.45","12","$$$$$","SingleMalt-like","EF","E","Ireland","Blend"
"Midleton Very Rare 2015","8.58","0.40","5","$$$$$","SingleMalt-like","EF","E","Ireland","Blend"
"Millstone 12yo Sherry Cask","8.95","0.25","7","$$$$","SingleMalt-like","ABC","C","Netherlands","Malt"
"Millstone 8yo French Oak","7.96","0.65","4","$$$$","SingleMalt-like","EF","E","Netherlands","Malt"
"Miltonduff 10yo (F&F)","8.08","0.45","4","$$$","SingleMalt-like","EF","E","Scotland","Malt"
"Monkey Shoulder","8.32","0.40","16","$$","SingleMalt-like","EF","E","Scotland","Malt"
"Mortlach 15yo (Gordon & MacPhail)","8.69","0.34","13","$$$$","SingleMalt-like","ABC","C","Scotland","Malt"
"Mortlach 16yo (F&F)","8.68","0.29","9","$$$$$","SingleMalt-like","ABC","C","Scotland","Malt"
"Mortlach 18yo","8.72","0.60","10","$$$$$+","SingleMalt-like","EF","E","Scotland","Malt"
"Mortlach Rare Old","8.44","0.45","12","$$$$$","SingleMalt-like","EF","E","Scotland","Malt"
"Mortlach Special Strength","8.80","0.58","6","$$$$$","SingleMalt-like","EF","E","Scotland","Malt"
"Nikka All Malt","8.44","0.17","8","$$","SingleMalt-like","EF","E","Japan","Malt"
"Nikka Coffey Malt","8.80","0.44","9","$$$$","SingleMalt-like","EF","E","Japan","Malt"
"Nikka From the Barrel","8.82","0.38","21","$$$","SingleMalt-like","EF","F","Japan","Blend"
"Nikka Gold & Gold","8.18","0.34","7","$$$","SingleMalt-like","GH","G","Japan","Malt"
"Nikka Miyagikyo 10yo","8.47","0.32","7","$$$$","SingleMalt-like","I","I","Japan","Malt"
"Nikka Miyagikyo 12yo","8.55","0.30","8","$$$$","SingleMalt-like","I","I","Japan","Malt"
"Nikka Miyagikyo 15yo","8.68","0.30","11","$$$$$","SingleMalt-like","I","I","Japan","Malt"
"Nikka Miyagikyo NAS","8.60","0.24","5","$$$$","SingleMalt-like","GH","H","Japan","Malt"
"Nikka Pure Malt Black","8.79","0.22","13","$$$","SingleMalt-like","I","I","Japan","Malt"
"Nikka Pure Malt Red","8.53","0.33","9","$$$","SingleMalt-like","EF","E","Japan","Malt"
"Nikka Pure Malt White","8.66","0.32","12","$$$","SingleMalt-like","I","I","Japan","Malt"
"Nikka Single Cask Coffey Malt 12yo","9.11","0.48","9","$$$$$","SingleMalt-like","ABC","C","Japan","Malt"
"Nikka Super","8.02","0.43","8","$$$","SingleMalt-like","EF","E","Japan","Malt"
"Nikka Taketsuru 12yo","8.38","0.36","17","$$$$","SingleMalt-like","EF","E","Japan","Malt"
"Nikka Taketsuru 17yo","8.78","0.27","13","$$$$$","SingleMalt-like","EF","E","Japan","Malt"
"Nikka Taketsuru 21yo","8.96","0.27","16","$$$$$","SingleMalt-like","ABC","C","Japan","Malt"
"Nikka Taketsuru NAS","8.25","0.33","6","$$$$","SingleMalt-like","GH","G","Japan","Malt"
"Nikka Yoichi 10yo","8.66","0.29","17","$$$$","SingleMalt-like","I","I","Japan","Malt"
"Nikka Yoichi 12yo","8.76","0.20","9","$$$$$","SingleMalt-like","I","I","Japan","Malt"
"Nikka Yoichi 15yo","8.98","0.26","14","$$$$$","SingleMalt-like","I","I","Japan","Malt"
"Nikka Yoichi NAS","8.45","0.32","9","$$$$","SingleMalt-like","I","I","Japan","Malt"
"Oban 14yo","8.47","0.38","16","$$$$","SingleMalt-like","I","I","Scotland","Malt"
"Oban 18yo","8.74","0.18","12","$$$$$","SingleMalt-like","I","I","Scotland","Malt"
"Oban 21yo","9.04","0.24","5","$$$$$+","SingleMalt-like","I","I","Scotland","Malt"
"Oban Distillers Edition (all vintages)","8.71","0.23","11","$$$$","SingleMalt-like","ABC","C","Scotland","Malt"
"Oban Little Bay","8.40","0.41","10","$$$$","SingleMalt-like","I","I","Scotland","Malt"
"Old Ballantruan Peated (Toumintoul)","8.27","0.39","8","$$$$","SingleMalt-like","I","I","Scotland","Malt"
"Old Pulteney 12yo","8.43","0.26","23","$$$","SingleMalt-like","EF","E","Scotland","Malt"
"Old Pulteney 17yo","8.83","0.27","17","$$$$$","SingleMalt-like","EF","E","Scotland","Malt"
"Old Pulteney 21yo","8.77","0.48","15","$$$$$","SingleMalt-like","GH","H","Scotland","Malt"
"Old Pulteney Navigator","8.29","0.38","11","$$$","SingleMalt-like","EF","E","Scotland","Malt"
"Paul John Bold","8.82","0.23","4","$$$","SingleMalt-like","I","I","India","Malt"
"Paul John Brilliance","8.51","0.43","6","$$$","SingleMalt-like","EF","E","India","Malt"
"Paul John Classic Select Cask","8.59","0.39","6","$$$$","SingleMalt-like","EF","E","India","Malt"
"Paul John Edited","8.41","0.53","7","$$$","SingleMalt-like","I","I","India","Malt"
"Paul John Peated Select Cask","8.76","0.28","8","$$$$","SingleMalt-like","I","I","India","Malt"
"Paul John Single Cask","8.90","0.34","5","$$$$","SingleMalt-like","EF","E","India","Malt"
"Penderyn Aur Cymru","7.73","0.58","8","$$$$","SingleMalt-like","EF","E","Wales","Malt"
"Penderyn Legend","7.49","0.89","4","$$$","SingleMalt-like","ABC","B","Wales","Malt"
"Penderyn Madeira","7.91","0.97","13","$$$$","SingleMalt-like","ABC","B","Wales","Malt"
"Penderyn Peated","8.30","0.56","9","$$$$","SingleMalt-like","I","I","Wales","Malt"
"Penderyn Portwood","8.62","0.39","5","$$$","SingleMalt-like","ABC","C","Wales","Malt"
"Penderyn Sherrywood","7.73","0.60","9","$$$$","SingleMalt-like","ABC","B","Wales","Malt"
"Pig's Nose 5yo Blended Malt","7.94","0.40","3","$$","SingleMalt-like","GH","H","Scotland","Malt"
"Port Charlotte 10yo Heavily Peated","8.69","0.24","4","$$$$","SingleMalt-like","I","I","Scotland","Malt"
"Port Charlotte An Turas Mor","8.71","0.28","10","$$$$","SingleMalt-like","I","I","Scotland","Malt"
"Port Charlotte Islay Barley Heavily Peated","8.89","0.18","3","$$$$","SingleMalt-like","J","J","Scotland","Malt"
"Port Charlotte PC10 (Second Edition)","8.89","0.17","3","$$$$","SingleMalt-like","I","I","Scotland","Malt"
"Port Charlotte PC10 Tro Na Linntean","8.96","0.45","9","$$$$$","SingleMalt-like","I","I","Scotland","Malt"
"Port Charlotte PC11 Eorna Na H-Alba","8.92","0.27","4","$$$$$","SingleMalt-like","I","I","Scotland","Malt"
"Port Charlotte PC12 Oileanach Furachail","8.69","0.63","5","$$$$$","SingleMalt-like","I","I","Scotland","Malt"
"Port Charlotte Scottish Barley Heavily Peated","8.75","0.26","15","$$$$","SingleMalt-like","I","I","Scotland","Malt"
"Port Charlotte The Peat Project","8.51","0.38","7","$$$$","SingleMalt-like","J","J","Scotland","Malt"
"Redbreast 12yo Cask Strength","9.07","0.35","17","$$$$","SingleMalt-like","EF","E","Ireland","Malt"
"Redbreast 12yo","8.75","0.41","21","$$$","SingleMalt-like","EF","E","Ireland","Malt"
"Redbreast 15yo","8.74","0.26","13","$$$$","SingleMalt-like","EF","E","Ireland","Malt"
"Redbreast 21yo","9.13","0.31","14","$$$$$","SingleMalt-like","ABC","C","Ireland","Malt"
"Redbreast All Sherry Single Cask 1999","8.55","0.84","5","$$$$$","SingleMalt-like","ABC","A","Ireland","Malt"
"Redbreast Lustau Edition","8.78","0.34","8","$$$$","SingleMalt-like","ABC","C","Ireland","Malt"
"Redbreast Mano a Lámh","8.67","0.37","4","$$$","SingleMalt-like","ABC","C","Ireland","Malt"
"Royal Brackla 12yo","8.26","0.47","12","$$$$","SingleMalt-like","EF","E","Scotland","Malt"
"Royal Brackla 16yo","8.77","0.23","5","$$$$$","SingleMalt-like","EF","E","Scotland","Malt"
"Royal Brackla 21yo","8.81","0.18","4","$$$$$","SingleMalt-like","ABC","C","Scotland","Malt"
"Royal Lochnagar 12yo","7.92","0.30","11","$$","SingleMalt-like","ABC","C","Scotland","Malt"
"Santis Alpstein (all editions)","8.59","0.12","3","$$$$$","SingleMalt-like","ABC","C","Switzerland","Malt"
Peated","7.37","1.67","9","$$$$","SingleMalt-like","J","J","Switzerland","Malt"
"Santis Edition Sigel","7.93","0.86","7","$$$","SingleMalt-like","EF","E","Switzerland","Malt"
"Santis Edition Säntis","7.57","0.84","7","$$$$","SingleMalt-like","EF","F","Switzerland","Malt"
"Scapa 16yo","8.30","0.27","14","$$$$","SingleMalt-like","EF","E","Scotland","Malt"
"Scapa Skiren","7.83","0.55","9","$$$$","SingleMalt-like","EF","E","Scotland","Malt"
"Sheep Dip 1999 Amoroso Blended Malt","8.71","0.56","3","$$$","SingleMalt-like","ABC","C","Scotland","Malt"
"Sheep Dip Blended Malt","8.47","0.32","11","$$","SingleMalt-like","GH","H","Scotland","Malt"
"Sheep Dip Old Hebridean 1990 Blended Malt","9.12","0.21","4","$$$$","SingleMalt-like","ABC","C","Scotland","Malt"
"Singleton of Dufftown 12yo","7.94","0.44","9","$$","SingleMalt-like","EF","E","Scotland","Malt"
"Singleton of Dufftown 15yo","8.34","0.20","6","$$$","SingleMalt-like","EF","E","Scotland","Malt"
"Singleton of Dufftown 18yo","8.42","0.14","4","$$$$","SingleMalt-like","EF","E","Scotland","Malt"
"Singleton of Dufftown Spey Cascade","7.53","0.53","3","$$","SingleMalt-like","ABC","C","Scotland","Malt"
"Singleton of Dufftown Tailfire","8.17","0.47","3","$$","SingleMalt-like","ABC","C","Scotland","Malt"
"Singleton of Dufftown Unité","8.13","0.27","4","$$","SingleMalt-like","EF","E","Scotland","Malt"
"Singleton of Glen Ord 12yo","8.32","0.25","6","$$","SingleMalt-like","EF","E","Scotland","Malt"
"Singleton of Glen Ord 15yo","8.46","0.41","4","$$$$","SingleMalt-like","EF","E","Scotland","Malt"
"Singleton of Glen Ord 18yo","8.39","0.26","3","$$$$","SingleMalt-like","ABC","C","Scotland","Malt"
"Singleton of Glen Ord Signature","7.92","0.25","3","$$$","SingleMalt-like","EF","E","Scotland","Malt"
"Singleton of Glendullan 12yo","8.04","0.41","13","$$","SingleMalt-like","EF","E","Scotland","Malt"
"Smögen Primör","8.51","0.24","4","$$$$$","SingleMalt-like","ABC","C","Sweden","Malt"
"Smögen Single Cask (2010/2011)","8.92","0.15","3","$$$$$","SingleMalt-like","J","J","Sweden","Malt"
"Speyburn 10yo","8.08","0.33","18","$$","SingleMalt-like","GH","H","Scotland","Malt"
"Speyside 10yo","7.72","0.63","4","$$$","SingleMalt-like","EF","E","Scotland","Malt"
"Speyside 12yo","7.87","0.61","10","$$","SingleMalt-like","GH","H","Scotland","Malt"
"Spirit of Hven Sankt Claus","8.61","0.58","3","$$$$$","SingleMalt-like","ABC","C","Sweden","Malt"
"Spirit of Hven Seven Stars No. 1 Dubhe","8.29","0.41","3","$$$$$","SingleMalt-like","I","I","Sweden","Malt"
"Spirit of Hven Seven Stars No. 2 Merak","8.40","0.25","3","$$$$$","SingleMalt-like","I","I","Sweden","Malt"
"Spirit of Hven Seven Stars No. 3 Phecda","8.53","0.33","3","$$$$$","SingleMalt-like","I","I","Sweden","Malt"
"Spirit of Hven Tycho’s Star","8.58","0.07","3","$$$$","SingleMalt-like","I","I","Sweden","Malt"
"Spirit of Hven Urania","8.56","0.46","3","$$$$$+","SingleMalt-like","GH","H","Sweden","Malt"
"Springbank 10yo","8.70","0.25","19","$$$$","SingleMalt-like","I","I","Scotland","Malt"
"Springbank 11yo Local Barley","9.06","0.2","6","$$$$$","SingleMalt-like","I","I","Scotland","Malt"
"Springbank 12yo Cask Strength","8.87","0.25","16","$$$$","SingleMalt-like","ABC","C","Scotland","Malt"
"Springbank 12yo Green","8.79","0.27","8","$$$$","SingleMalt-like","I","I","Scotland","Malt"
"Springbank 13yo Green","8.90","0.21","4","$$$$","SingleMalt-like","ABC","C","Scotland","Malt"
"Springbank 15yo","8.69","0.24","17","$$$$$","SingleMalt-like","ABC","C","Scotland","Malt"
"Springbank 16yo Local Barley","9.09","0.16","10","$$$$$","SingleMalt-like","I","I","Scotland","Malt"
"Springbank 18yo","8.96","0.18","17","$$$$$","SingleMalt-like","I","I","Scotland","Malt"
"Springbank 21yo","9.00","0.2","10","$$$$$+","SingleMalt-like","ABC","C","Scotland","Malt"
"Springbank CV","8.26","0.37","8","$$$","SingleMalt-like","I","I","Scotland","Malt"
"St George's Chapter 6 (unpeated)","8.25","0.47","10","$$$","SingleMalt-like","GH","G","England","Malt"
"St George's Chapter 9 (peated)","8.22","0.44","5","$$$","SingleMalt-like","I","I","England","Malt"
"Stalk & Barrel Single Malt (All Casks)","8.28","0.39","12","$$$","SingleMalt-like","EF","F","Canada","Malt"
"Storas 21yo Rare Cask Reserves Blended Malt","8.63","0.05","3","$$$","SingleMalt-like","EF","E","Scotland","Blend"
"Strathisla 12yo","8.21","0.32","13","$$$","SingleMalt-like","EF","E","Scotland","Malt"
"Strathmill 12yo","8.38","0.28","3","$$$$","SingleMalt-like","GH","G","Scotland","Malt"
"Strathmill 25yo","8.82","0.4","4","$$$$$+","SingleMalt-like","EF","E","Scotland","Malt"
"Stronachie 12yo","8.17","0.3","8","$$$","SingleMalt-like","GH","H","Scotland","Malt"
"Stronachie 18yo","8.62","0.26","5","$$$$","SingleMalt-like","GH","H","Scotland","Malt"
"Sullivans Cove American Oak","8.68","0.37","5","$$$$$","SingleMalt-like","EF","E","Tasmania","Malt"
"Sullivans Cove Bourbon Cask Strength","8.54","0.75","6","$$$$","SingleMalt-like","EF","F","Tasmania","Malt"
"Sullivans Cove Double Cask","8.29","0.52","13","$$$$","SingleMalt-like","EF","E","Tasmania","Malt"
"Sullivans Cove French Oak","8.68","0.27","8","$$$$$+","SingleMalt-like","ABC","C","Tasmania","Malt"
"Sullivans Cove Port Cask Strength","8.45","0.59","7","$$$$$","SingleMalt-like","EF","E","Tasmania","Malt"
"Swiss Highland Classic Single Malt","8.60","0.48","4","$$$$$","SingleMalt-like","ABC","C","Switzerland","Malt"
"Talisker 10yo","8.92","0.18","22","$$$$","SingleMalt-like","I","I","Scotland","Malt"
"Talisker 18yo","9.18","0.21","16","$$$$$","SingleMalt-like","I","I","Scotland","Malt"
"Talisker 25yo","8.98","0.3","15","$$$$$+","SingleMalt-like","I","I","Scotland","Malt"
"Talisker 30yo","9.20","0.32","13","$$$$$+","SingleMalt-like","I","I","Scotland","Malt"
"Talisker 35yo","9.33","0.36","3","$$$$$+","SingleMalt-like","I","I","Scotland","Malt"
"Talisker 57 North","8.95","0.2","16","$$$$","SingleMalt-like","I","I","Scotland","Malt"
"Talisker Dark Storm","8.74","0.13","8","$$$","SingleMalt-like","I","I","Scotland","Malt"
"Talisker Distiller's Edition (all editions)","8.94","0.25","20","$$$$","SingleMalt-like","I","I","Scotland","Malt"
"Talisker Port Ruighe","8.52","0.4","16","$$$$","SingleMalt-like","ABC","C","Scotland","Malt"
"Talisker Skye","8.45","0.25","11","$$","SingleMalt-like","GH","G","Scotland","Malt"
"Talisker Storm","8.62","0.26","16","$$$$","SingleMalt-like","I","I","Scotland","Malt"
"Tamdhu 10yo","8.25","0.59","16","$$$$","SingleMalt-like","GH","H","Scotland","Malt"
"Tamdhu Batch Strength (both batches)","8.48","0.55","6","$$$$","SingleMalt-like","ABC","A","Scotland","Malt"
"Tamnavulin 12yo","7.69","0.83","4","$$","SingleMalt-like","GH","H","Scotland","Malt"
"Teaninich 10yo (F&F)","8.22","0.29","4","","SingleMalt-like","EF","F","Scotland","Malt"
"Teeling Silver Reserve 21yo Sauternes Finish","8.92","0.33","10","$$$$$","SingleMalt-like","GH","H","Ireland","Malt"
"Teeling Single Malt","8.44","0.33","7","$$$$","SingleMalt-like","ABC","C","Ireland","Malt"
"Teeling Small Batch (Rum Cask Finish)","8.31","0.41","19","$$","SingleMalt-like","EF","E","Ireland","Blend"
"Teerenpeli 10yo","8.21","0.39","5","$$$$$","SingleMalt-like","GH","H","Finland","Malt"
"Teerenpeli 8yo","8.42","0.4","6","$$$$$","SingleMalt-like","EF","E","Finland","Malt"
"Teerenpeli Distiller's Choice KASKI","8.56","0.25","3","$$$$","SingleMalt-like","EF","E","Finland","Malt"
"Teerenpeli Distiller’s Choice AURA","8.55","0.08","3","$$$$$","SingleMalt-like","ABC","C","Finland","Malt"
"Teerenpeli Distiller’s Choice KARHI","8.74","0.11","3","$$$$","SingleMalt-like","ABC","C","Finland","Malt"
"Teerenpeli Distiller’s Choice RASI","8.56","0.34","3","$$$$","SingleMalt-like","EF","E","Finland","Malt"
"The Irishman Single Malt (NAS)","8.01","0.28","6","$$$","SingleMalt-like","EF","E","Ireland","Malt"
"The Quiet Man 8yo Single Malt","8.23","0.53","5","$$$","SingleMalt-like","GH","H","Ireland","Malt"
"Tobermory 10yo","8.23","0.42","20","$$$","SingleMalt-like","EF","F","Scotland","Malt"
"Tobermory 15yo","8.54","0.33","13","$$$$$","SingleMalt-like","ABC","C","Scotland","Malt"
"Tomatin 12yo","8.03","0.46","17","$$","SingleMalt-like","EF","E","Scotland","Malt"
"Tomatin 14yo Portwood","8.55","0.34","8","$$$$","SingleMalt-like","ABC","C","Scotland","Malt"
"Tomatin 15yo","8.33","0.54","7","$$$$","SingleMalt-like","EF","E","Scotland","Malt"
"Tomatin 18yo","8.69","0.21","9","$$$$","SingleMalt-like","ABC","C","Scotland","Malt"
"Tomatin 40yo","8.99","0.35","3","$$$$$+","SingleMalt-like","ABC","C","Scotland","Malt"
"Tomatin Cask Strength","8.36","0.45","10","$$$$","SingleMalt-like","GH","G","Scotland","Malt"
"Tomatin Cu Bocan 1989 Limited Edition","8.94","0.24","4","$$$$$+","SingleMalt-like","I","I","Scotland","Malt"
"Tomatin Cu Bocan Sherry Edition","8.37","0.29","4","$$$$","SingleMalt-like","ABC","C","Scotland","Malt"
"Tomatin Cu Bocan Virgin Oak Edition","8.53","0.44","3","$$$$","SingleMalt-like","GH","H","Scotland","Malt"
"Tomatin Cu Bocan","8.09","0.33","11","$$$$","SingleMalt-like","GH","H","Scotland","Malt"
"Tomatin Decades","8.96","0.52","8","$$$$$","SingleMalt-like","EF","E","Scotland","Malt"
"Tomatin Legacy","8.16","0.46","10","$$","SingleMalt-like","GH","G","Scotland","Malt"
"Tomintoul 10yo","7.84","0.32","14","$$$","SingleMalt-like","GH","G","Scotland","Malt"
"Tomintoul 12yo Oloroso Sherry","8.22","0.54","11","$$$$","SingleMalt-like","EF","E","Scotland","Malt"
"Tomintoul 16yo","8.31","0.43","14","$$$","SingleMalt-like","GH","G","Scotland","Malt"
"Tomintoul Peaty Tang","7.90","0.7","11","$$","SingleMalt-like","J","J","Scotland","Malt"
"Tormore 12yo","7.86","0.37","9","$$$","SingleMalt-like","GH","G","Scotland","Malt"
"Tormore 14yo","8.17","0.32","5","$$$","SingleMalt-like","GH","G","Scotland","Malt"
"Tullamore Dew 10yo Single Malt","8.03","0.77","6","$$$","SingleMalt-like","EF","E","Ireland","Malt"
"Tullibardine 1993 Port","8.00","0.36","5","$$$$","SingleMalt-like","ABC","B","Scotland","Malt"
"Tullibardine 1993 Sauternes","8.21","0.32","5","$$$","SingleMalt-like","EF","E","Scotland","Malt"
"Tullibardine 20yo","8.67","0.29","4","$$$$$","SingleMalt-like","GH","G","Scotland","Malt"
"Tullibardine 225 Sauternes Finish","8.31","0.38","6","$$$$","SingleMalt-like","EF","E","Scotland","Malt"
"Tullibardine 228 Burgundy Finish","8.08","0.36","4","$$$","SingleMalt-like","EF","E","Scotland","Malt"
"Tullibardine 25yo","8.45","0.39","6","$$$$$+","SingleMalt-like","EF","E","Ireland","Malt"
"Tullibardine 500 Sherry Finish","8.25","0.29","6","$$$","SingleMalt-like","ABC","C","Scotland","Malt"
"Tullibardine Aged Oak Edition","8.05","0.43","9","$$$","SingleMalt-like","GH","G","Scotland","Malt"
"Tullibardine Sovereign","8.19","0.25","9","$$$","SingleMalt-like","GH","G","Scotland","Malt"
"Tullibardine Vintage 1993","8.27","0.44","10","$$$","SingleMalt-like","GH","G","Scotland","Malt"
"Tyrconnell 10yo Madeira Cask Finish","8.56","0.38","10","$$$$","SingleMalt-like","EF","E","Ireland","Malt"
"Tyrconnell 10yo Port Cask Finish","8.55","0.37","10","$$$$","SingleMalt-like","ABC","B","Ireland","Malt"
"Tyrconnell 10yo Sherry Cask Finish","8.31","0.16","5","$$$$","SingleMalt-like","ABC","B","Ireland","Malt"
"Tyrconnell Single Malt Irish Whiskey","8.17","0.38","14","$$","SingleMalt-like","GH","H","Ireland","Malt"
"Wemyss Malts Kiln Embers","8.78","0.1","3","$$$","SingleMalt-like","J","J","Scotland","Malt"
"Wemyss Malts Peat Chimney","8.48","0.36","12","$$$","SingleMalt-like","I","I","Scotland","Malt"
"Wemyss Malts Smooth Gentleman","8.30","0.09","3","$$$","SingleMalt-like","EF","E","Scotland","Malt"
"Wemyss Malts The Hive","8.41","0.21","13","$$$","SingleMalt-like","GH","G","Scotland","Malt"
"Wemyss Malts The Rockpool","8.91","0.28","3","$$$","SingleMalt-like","I","I","Scotland","Malt"
"Wemyss Malts The Spice King","8.42","0.3","12","$$$","SingleMalt-like","ABC","C","Scotland","Malt"
"Wemyss Malts Velvet Fig","8.27","1.11","5","$$$","SingleMalt-like","ABC","A","Scotland","Malt"
"Westland American Single Malt","8.61","0.34","11","$$$$","SingleMalt-like","EF","E","USA","Malt"
"Westland Garryana","8.70","0.17","5","$$$$$","SingleMalt-like","GH","G","USA","Malt"
"Westland Peated","8.54","0.59","8","$$$$","SingleMalt-like","I","I","USA","Malt"
"Westland Sherry Wood","8.38","0.53","12","$$$$","SingleMalt-like","ABC","B","USA","Malt"
"Westland Winter 2016","8.53","0.68","3","$$$$","SingleMalt-like","ABC","C","USA","Malt"
"White Oak Akashi 14yo","8.85","0.52","3","$$$$$+","SingleMalt-like","ABC","C","Japan","Malt"
"White Oak Akashi 5yo","8.23","0.59","8","$$$$$","SingleMalt-like","GH","G","Japan","Malt"
"White Oak Akashi Single Malt (NAS)","7.95","0.48","7","$$$$","SingleMalt-like","GH","G","Japan","Malt"
"Wolfburn (NAS)","8.31","0.37","9","$$$","SingleMalt-like","GH","G","Scotland","Malt"
"Yamazaki 12yo","8.63","0.28","21","$$$$","SingleMalt-like","GH","G","Japan","Malt"
"Yamazaki 18yo","9.14","0.21","20","$$$$$","SingleMalt-like","ABC","C","Japan","Malt"
"Yamazaki Bourbon Barrel","8.8","0.23","9","$$$$$","SingleMalt-like","GH","G","Japan","Malt"
"Yamazaki Distiller's Reserve","8.67","0.26","5","$$$$","SingleMalt-like","EF","E","Japan","Malt"
"Yamazaki Limited Edition 2016","8.92","0.26","3","$$$$$+","SingleMalt-like","EF","E","Japan","Malt"
"Yamazaki Mizunara","8.96","0.2","8","$$$$$+","SingleMalt-like","EF","E","Japan","Malt"
"Yamazaki NAS","8.46","0.24","6","$$$$","SingleMalt-like","GH","G","Japan","Malt"
"Yamazaki Puncheon","8.65","0.23","10","$$$$$","SingleMalt-like","GH","G","Japan","Malt"
"Yamazaki Sherry Cask (all vintages)","9.08","0.29","11","$$$$$+","SingleMalt-like","ABC","A","Japan","Malt"