"1792 Full Proof Bourbon","8.86","0.32","5","$$$","Bourbon-like","","","USA","Bourbon"
"1792 Port Finished Bourbon","8.46","0.11","4","$$$","Bourbon-like","","","USA","Bourbon"
"1792 Single Barrel Bourbon","8.60","0.38","4","$$$","Bourbon-like","","","USA","Bourbon"
"1792 Small Batch Bourbon","8.60","0.40","15","$$","Bourbon-like","","","USA","Bourbon"
"1792 Sweet Wheat Bourbon","8.66","0.21","7","$$$$","Bourbon-like","","","USA","Bourbon"
"2 Gingers Irish Whiskey","8.05","0.34","3","$$","Scotch-like","","","Ireland","Blend"
"66 Gilead Crimson Rye","8.32","0.47","6","$$","Rye-like","","","Canada","Blend"
"66 Gilead The Wild Oak","8.06","0.52","6","$$","Bourbon-like","","","Canada","Blend"
"8 Seconds","7.54","0.45","5","$$","Rye-like","","","Canada","Blend"
"Alberta Premium Dark Horse","8.61","0.37","15","$","Rye-like","","","Canada","Blend"
"Alberta Premium","8.24","0.56","11","$","Rye-like","","","Canada","Blend"
"Alberta Rye Dark Batch","8.68","0.23","8","$$","Rye-like","","","Canada","Blend"
"Alberta Springs 10yo","8.30","0.42","9","$","Rye-like","","","Canada","Blend"
"Amrut Rye","8.87","0.13","4","$$$$","Rye-like","","","India","Rye"
"Ancient Age 10yo Kentucky Straight Bourbon","8.60","0.39","5","$","Bourbon-like","","","USA","Bourbon"
"Ancient Age Kentucky Straight Bourbon","7.70","0.60","7","$","Bourbon-like","","","USA","Bourbon"
"Angel's Envy Bourbon (Port-finished)","8.46","0.45","13","$$$","Bourbon-like","","","USA","Bourbon"
"Angel's Envy Cask Strength","8.94","0.36","8","$$$$$+","Bourbon-like","","","USA","Bourbon"
"Angel’s Envy Rye Whiskey (Rum-finished)","8.76","0.57","8","$$$$","Bourbon-like","","","USA","Bourbon"
"Bain's Cape Mountain Whisky","8.23","0.49","8","$$","Scotch-like","","","South Africa","Grain"
"Baker’s Kentucky Straight Bourbon 7yo","8.80","0.28","19","$$$","Bourbon-like","","","USA","Bourbon"
"Balcones Baby Blue","8.30","0.73","11","$$$$","Bourbon-like","","","USA","Whiskey"
"Ballantine's 17yo","8.79","0.34","14","$$$$","Scotch-like","","","Scotland","Blend"
"Ballantine's Finest","7.63","0.60","12","$","Scotch-like","","","Scotland","Blend"
"Bank Note 5yo Blended Scotch","8.28","0.58","4","$","Scotch-like","","","Scotland","Blend"
"Basil Hayden’s Kentucky Bourbon","8.37","0.25","15","$$$","Bourbon-like","","","USA","Bourbon"
"Bell's Original Scotch Whisky","7.59","0.75","7","$","Scotch-like","","","Scotland","Blend"
"Bernheim Original Straight Wheat 7yo Small Batch","8.46","0.54","18","$$","Bourbon-like","","","USA","Wheat"
"Bib & Tucker 6yo Bourbon","8.27","0.16","3","$$$","Bourbon-like","","","USA","Bourbon"
"Black Bottle (after 2013 re-launch)","7.90","0.51","11","$$","Scotch-like","","","Scotland","Blend"
"Black Bottle (pre-2013)","8.24","0.50","13","$$","Scotch-like","","","Scotland","Blend"
"Black Velvet 3yo","7.76","0.89","9","$","Rye-like","","","Canada","Blend"
"Black Velvet Deluxe","7.15","0.75","8","$","Rye-like","","","Canada","Blend"
"Black Velvet Reserve 8yo","7.27","0.64","3","$","Rye-like","","","Canada","Blend"
"Blanton's Gold Kentucky Straight Bourbon","8.70","0.41","14","$$$$","Bourbon-like","","","USA","Bourbon"
"Blanton's Single Barrel Bourbon","8.64","0.31","18","$$$","Bourbon-like","","","USA","Bourbon"
"Blanton's Special Reserve","8.23","0.28","5","$$$","Bourbon-like","","","USA","Bourbon"
"Blanton's Straight from the Barrel Bourbon","8.95","0.28","6","$$$$","Bourbon-like","","","USA","Bourbon"
"Booker's Rye","9.28","0.21","8","$$$$$+","Rye-like","","","USA","Rye"
"Booker's Small Batch Straight Bourbon","8.86","0.28","16","$$$","Bourbon-like","","","USA","Bourbon"
"Buffalo Trace Bourbon","8.58","0.41","19","$$","Bourbon-like","","","USA","Bourbon"
"Buffalo Trace Experimental Collection 12yo floor #1 (rye, 2014)","8.75","0.03","3","$$$$$","Bourbon-like","","","USA","Bourbon"
"Buffalo Trace Experimental Collection 12yo floor #5 (rye, 2014)","9.07","0.23","5","$$$$$","Bourbon-like","","","USA","Bourbon"
"Bulleit 10yo","8.55","0.37","13","$$$","Bourbon-like","","","USA","Bourbon"
"Bulleit Bourbon","8.40","0.35","21","$$","Bourbon-like","","","USA","Bourbon"
"Bulleit Rye","8.29","0.64","16","$$","Rye-like","","","USA","Rye"
"Bushmills Original Blended","7.69","0.46","16","$$","Scotch-like","","","Ireland","Blend"
"Canada Gold","8.10","0.66","5","$","Rye-like","","","Canada","Blend"
"Canadian Club (Premium)","7.33","0.75","17","$","Rye-like","","","Canada","Blend"
"Canadian Club 100% Rye","8.34","0.42","14","$","Rye-like","","","Canada","Rye"
"Canadian Club 20yo","8.63","0.31","10","$$$","Rye-like","","","Canada","Blend"
"Canadian Club 30yo","9.02","0.19","6","$$$$$","Rye-like","","","Canada","Blend"
"Canadian Club Classic 12yo (Small Batch)","8.13","0.44","13","$","Rye-like","","","Canada","Blend"
"Canadian Club Reserve 10yo","8.38","0.61","9","$$","Rye-like","","","Canada","Blend"
"Canadian Club Reserve 9yo","8.03","0.45","5","$","Rye-like","","","Canada","Blend"
"Canadian Club Sherry Cask","8.22","0.60","8","$$","Rye-like","","","Canada","Blend"
"Canadian Mist Black Diamond","8.08","0.51","6","$","Rye-like","","","Canada","Blend"
"Canadian Mist","7.63","0.62","11","$","Rye-like","","","Canada","Blend"
"Canadian Rockies 21yo","8.99","0.29","7","$$$","Rye-like","","","Canada","Blend"
"Caribou Crossing Single Barrel","8.61","0.42","10","$$$$","Rye-like","","","Canada","Blend"
"Catto's Rare Old","8.12","0.74","5","$","Scotch-like","","","Scotland","Blend"
"Centennial 10yo","8.36","0.41","6","$","Rye-like","","","Canada","Blend"
"Century Reserve 21yo","8.74","0.20","10","$$","Rye-like","","","Canada","Blend"
"Century Reserve Lot 15/25","8.36","0.85","5","$","Rye-like","","","Canada","Blend"
"Chivas Regal 12yo","7.80","0.42","21","$$","Scotch-like","","","Scotland","Blend"
"Chivas Regal 18yo","8.24","0.53","14","$$$$","Scotch-like","","","Scotland","Blend"
"Chivas Regal 25yo","8.72","0.21","7","$$$$$+","Scotch-like","","","Scotland","Blend"
"Chivas Royal Salute 21yo","8.57","0.63","7","$$$$$","Scotch-like","","","Scotland","Blend"
"Collingwood 21yo","8.54","0.42","11","$$$","Rye-like","","","Canada","Blend"
"Collingwood","8.03","0.32","8","$$","Rye-like","","","Canada","Blend"
"Colonel E.H. Taylor Straight Rye","8.72","0.32","6","$$$$","Rye-like","","","USA","Rye"
"Colonel EH Taylor Barrel Proof","8.85","0.21","6","$$$$","Bourbon-like","","","USA","Bourbon"
"Colonel EH Taylor Single Barrel","8.95","0.31","6","$$$$","Bourbon-like","","","USA","Bourbon"
"Colonel EH Taylor Small Batch (BiB)","8.60","0.29","11","$$$$","Bourbon-like","","","USA","Bourbon"
"Compass Box Asyla","8.23","0.49","12","$$$","Scotch-like","","","Scotland","Blend"
"Compass Box Great King St Artist's Blend","8.60","0.37","18","$$","Scotch-like","","","Scotland","Blend"
"Compass Box Great King St Glasgow Blend","8.58","0.25","11","$$$","Scotch-like","","","Scotland","Blend"
"Compass Box Hedonism Quindecimus","8.92","0.42","7","$$$$$","Scotch-like","","","Scotland","Blend"
"Compass Box Hedonism","8.54","0.46","17","$$$$","Scotch-like","","","Scotland","Blend"
"Compass Box Orangerie","7.91","0.82","7","$$","Scotch-like","","","Scotland","Blend"
"Compass Box The Circus","8.94","0.29","4","$$$$$","Scotch-like","","","Scotland","Blend"
"Compass Box The General","9.19","0.28","10","$$$$$+","Scotch-like","","","Scotland","Blend"
"Corner Creek Reserve Bourbon Whiskey","8.61","0.36","7","$$","Bourbon-like","","","USA","Bourbon"
"Coyote Ugly","8.10","0.50","5","$","Rye-like","","","Canada","Blend"
"Crown Royal Black","8.22","0.49","16","$$","Rye-like","","","Canada","Blend"
"Crown Royal Cornerstone Blend","8.36","0.80","4","$$$","Rye-like","","","Canada","Blend"
"Crown Royal Hand Selected Barrel","8.82","0.26","8","$$$","Rye-like","","","Canada","Blend"
"Crown Royal Limited Edition","8.29","0.19","10","$$","Rye-like","","","Canada","Blend"
"Crown Royal Monarch 75th Anniversary","8.76","0.48","9","$$$","Rye-like","","","Canada","Blend"
"Crown Royal Northern Harvest Rye","8.58","0.35","16","$$","Rye-like","","","Canada","Blend"
"Crown Royal Reserve","8.53","0.65","13","$$$","Rye-like","","","Canada","Blend"
"Crown Royal XO","8.72","0.30","5","$$$","Rye-like","","","Canada","Blend"
"Crown Royal","7.61","0.46","17","$","Rye-like","","","Canada","Blend"
"Cutty Sark Prohibition","8.53","0.47","11","$$","Scotch-like","","","Scotland","Blend"
"Cutty Sark Storm","8.05","0.50","8","$","Scotch-like","","","Scotland","Blend"
"Cutty Sark","7.52","0.46","14","$","Scotch-like","","","Scotland","Blend"
"Danfield's 21yo","8.61","0.54","12","$$","Rye-like","","","Canada","Blend"
"Dewar's 12yo","7.90","0.28","12","$$","Scotch-like","","","Scotland","Blend"
"Dewar's White Label","7.52","0.70","13","$$","Scotch-like","","","Scotland","Blend"
"Eagle Rare 10yo","8.58","0.33","21","$$","Bourbon-like","","","USA","Bourbon"
"Eagle Rare 17yo","8.83","0.35","12","$$$$$+","Bourbon-like","","","USA","Bourbon"
"Elijah Craig 12yo","8.68","0.27","21","$$","Bourbon-like","","","USA","Bourbon"
"Elijah Craig 18yo","8.72","0.47","11","$$$$$","Bourbon-like","","","USA","Bourbon"
"Elijah Craig 21yo","9.19","0.17","5","$$$$$+","Bourbon-like","","","USA","Bourbon"
"Elijah Craig Barrel Proof","8.87","0.23","9","$$$$","Bourbon-like","","","USA","Bourbon"
"Ellington Reserve 8yo","6.93","1.04","4","$","Rye-like","","","Canada","Blend"
"Elmer T. Lee Single Barrel Bourbon","8.72","0.40","12","$$$","Bourbon-like","","","USA","Bourbon"
"Evan Williams (Black Label)","8.19","0.40","14","$","Bourbon-like","","","USA","Bourbon"
"Evan Williams 1783 Small Batch","8.18","0.39","4","$","Bourbon-like","","","USA","Bourbon"
"Evan Williams Bottled in Bond (White label)","8.32","0.52","9","$","Bourbon-like","","","USA","Bourbon"
"Evan Williams Single Barrel","8.71","0.24","15","$$","Bourbon-like","","","USA","Bourbon"
"Famous Grouse Gold Reserve 12yo","8.47","0.33","9","$$","Scotch-like","","","Scotland","Blend"
"Famous Grouse Smoky Black (Black Grouse)","7.98","0.46","19","$$","Scotch-like","","","Scotland","Blend"
"Famous Grouse","7.66","0.54","18","$","Scotch-like","","","Scotland","Blend"
"Famous Jubilee","8.15","0.13","3","$$","Scotch-like","","","Scotland","Blend"
"FEW Bourbon","8.64","0.19","7","$$$","Bourbon-like","","","USA","Bourbon"
"FEW Rye Whisky","8.63","0.55","7","$$$$","Rye-like","","","USA","Rye"
"Forty Creek Barrel Select","8.48","0.41","16","$","Rye-like","","","Canada","Blend"
"Forty Creek Confederation Oak","8.79","0.39","18","$$$","Rye-like","","","Canada","Blend"
"Forty Creek Copper Pot Reserve","8.72","0.36","13","$","Rye-like","","","Canada","Blend"
"Forty Creek Double Barrel Reserve","8.72","0.39","12","$$$","Rye-like","","","Canada","Blend"
"Forty Creek Evolution","8.84","0.61","7","$$$","Rye-like","","","Canada","Blend"
"Forty Creek Founder's Reserve","8.51","0.40","5","$$$","Rye-like","","","Canada","Blend"
"Forty Creek Heart of Gold","8.81","0.43","8","$$$$","Rye-like","","","Canada","Blend"
"Forty Creek Port Wood Reserve 2011/2012","8.81","0.25","10","$$$$","Rye-like","","","Canada","Blend"
"Forty Creek Three Grain Harmony","8.26","0.49","7","$$$","Rye-like","","","Canada","Blend"
"Four Roses (Yellow Label)","8.22","0.34","11","$","Bourbon-like","","","USA","Bourbon"
"Four Roses Single Barrel Bourbon","8.71","0.32","18","$$$","Bourbon-like","","","USA","Bourbon"
"Four Roses Small Batch Bourbon","8.48","0.42","13","$$","Bourbon-like","","","USA","Bourbon"
"Four Roses Small Batch Limited Edition","9.08","0.20","13","$$$$$+","Bourbon-like","","","USA","Bourbon"
"George Dickel No.12","8.27","0.44","15","$$","Bourbon-like","","","USA","Bourbon"
"George Dickel Rye","8.53","0.35","12","$$","Rye-like","","","USA","Rye"
"George T Stagg","9.17","0.30","19","$$$$$+","Bourbon-like","","","USA","Bourbon"
"Gibson's Bold 8yo","8.34","0.28","3","$","Rye-like","","","Canada","Blend"
"Gibson's Finest 12yo","7.95","0.76","11","$","Rye-like","","","Canada","Blend"
"Gibson's Finest Rare 18yo","9.01","0.33","10","$$$$","Rye-like","","","Canada","Blend"
"Gibson's Finest Sterling","8.03","0.36","8","$","Rye-like","","","Canada","Blend"
"Glendalough Double Barrel","8.23","0.38","6","$$","Scotch-like","","","Ireland","Grain"
"GlenDronach vintage 19yo Single Cask (all "GlenDronach vintage 20yo Single Cask (all "Gooderham & Worts Four Grain","8.69","0.25","10","$$","Rye-like","","","Canada","Blend"
"Grant's Blended Sherry Cask","7.94","0.20","5","$","Scotch-like","","","Scotland","Blend"
"Grant's Family Reserve Blended","7.66","0.65","13","$","Scotch-like","","","Scotland","Blend"
"Heaven Hill 6yo BiB","8.50","0.07","5","$","Bourbon-like","","","USA","Bourbon"
"Heaven Hill Old Syle Bourbon (white label)","7.86","0.45","5","$","Bourbon-like","","","USA","Bourbon"
"Heaven Hill Trybox Series New Make","8.19","0.28","3","$","Bourbon-like","","","USA","Bourbon"
"Henry McKenna 10yo Single Barrel BiB","8.81","0.21","9","$$","Bourbon-like","","","USA","Bourbon"
"Henry McKenna Straight Bourbon","8.08","0.06","3","$","Bourbon-like","","","USA","Bourbon"
"High West American Prairie","8.23","0.85","5","$$$","Bourbon-like","","","USA","Bourbon"
"High West Bourye","8.88","0.16","7","$$$$","Rye-like","","","USA","Blend"
"High West Campfire","8.78","0.34","11","$$$$","Scotch-like","","","USA","Blend"
"High West Double Rye Campfire Barrel","8.49","0.30","4","$$$","Rye-like","","","USA","Rye"
"High West Double Rye","8.70","0.29","13","$$","Rye-like","","","USA","Rye"
"High West Midwinter Night’s Dram Rye","9.10","0.19","11","$$$$$","Rye-like","","","USA","Rye"
"High West Rendezvous Rye","8.91","0.30","14","$$$$","Rye-like","","","USA","Rye"
"High West Rocky Mountain Rye 16yo","9.18","0.33","4","$$$$$","Rye-like","","","USA","Rye"
"High West Rocky Mountain Rye 21yo","9.14","0.24","7","$$$$$+","Rye-like","","","USA","Rye"
"High West Son of Bourye","8.42","0.42","10","$$$","Rye-like","","","USA","Blend"
"High West Yippee Ki-Yay","8.66","0.31","6","$$$$","Rye-like","","","USA","Rye"
"Highwood Ninety 5yo","8.17","0.67","6","$","Rye-like","","","Canada","Blend"
"Highwood Ninety Rye 20yo","8.80","0.33","10","$$","Rye-like","","","Canada","Blend"
"Hiram Walker Special Old Rye","8.21","0.37","9","$","Rye-like","","","Canada","Blend"
"Islay Mist 8yo","7.93","0.45","9","$","Scotch-like","","","Scotland","Blend"
"J&B Rare","7.11","1.01","10","$","Scotch-like","","","Scotland","Blend"
"J.P. Wiser's Deluxe","7.91","0.67","10","$","Rye-like","","","Canada","Blend"
"J.P. Wiser's Dissertation","8.86","0.28","3","$$$","Rye-like","","","Canada","Blend"
"J.P. Wiser's Double Still Rye","8.35","0.37","8","$","Rye-like","","","Canada","Blend"
"J.P. Wiser's Hopped","8.07","0.52","5","$","Rye-like","","","Canada","Blend"
"J.P. Wiser's Last Barrels","8.87","0.28","9","$$$","Bourbon-like","","","Canada","Blend"
"J.P. Wiser's Legacy","9.01","0.33","15","$$","Rye-like","","","Canada","Blend"
"J.P. Wiser's Small Batch","8.53","0.25","11","$","Rye-like","","","Canada","Blend"
"J.P. Wiser's Special Blend","7.42","0.80","5","$","Rye-like","","","Canada","Blend"
"J.P. Wiser's Triple Barrel Rye","8.55","0.55","3","$","Rye-like","","","Canada","Blend"
"J.P. Wiser's Union 52","8.86","0.36","7","$$$","Rye-like","","","Canada","Blend"
"J.P. Wiser’s 18yo","8.66","0.39","14","$$$","Rye-like","","","Canada","Blend"
"J.P. Wiser’s Red Letter","8.85","0.35","11","$$$$","Rye-like","","","Canada","Blend"
"J.P. Wiser’s Rye","7.97","0.47","8","$","Rye-like","","","Canada","Blend"
"Jack Daniel's 150th Anniversary","8.91","0.32","3","$$$","Bourbon-like","","","USA","Bourbon"
"Jack Daniel's Gentleman Jack","7.94","0.34","12","$$","Bourbon-like","","","USA","Bourbon"
"Jack Daniel's Master Distiller (all series)","8.61","0.21","4","$$","Bourbon-like","","","USA","Bourbon"
"Jack Daniel's No. 27 Gold Double Barrelled","8.02","0.10","3","$$$$","Bourbon-like","","","USA","Bourbon"
"Jack Daniel's Old No. 7","8.03","0.39","13","$$","Bourbon-like","","","USA","Bourbon"
"Jack Daniel's Rested Tennessee Rye (Batch 1/2)","8.34","0.47","4","$$$","Rye-like","","","USA","Rye"
"Jack Daniel's Single Barrel Rye","8.68","0.24","4","$$$","Rye-like","","","USA","Rye"
"Jack Daniel's Single Barrel","8.45","0.41","14","$$$","Bourbon-like","","","USA","Bourbon"
"Jameson 12yo Special Reserve","8.38","0.24","9","$$$$","Scotch-like","","","Ireland","Blend"
"Jameson 18yo Limited Reserve","8.62","0.24","9","$$$$$","Scotch-like","","","Ireland","Blend"
"Jameson Blender's Dog Irish Whiskey","8.51","0.48","4","$$$$","Scotch-like","","","Ireland","Blend"
"Jameson Bold Irish Whiskey","8.28","0.37","4","$$$$","Scotch-like","","","Ireland","Blend"
"Jameson Caskmates Stout Edition","8.28","0.47","8","$$","Scotch-like","","","Ireland","Blend"
"Jameson Cooper's Croze Irish Whiskey","8.55","0.29","6","$$$$","Scotch-like","","","Ireland","Blend"
"Jameson Distiller's Safe Irish Whiskey","8.26","0.65","4","$$$$","Scotch-like","","","Ireland","Blend"
"Jameson Gold Reserve","8.47","0.38","10","$$$$","Scotch-like","","","Ireland","Blend"
"Jameson Irish Whiskey","7.84","0.51","19","$$","Scotch-like","","","Ireland","Blend"
"Jameson Lively Irish Whiskey","7.90","0.37","3","$$$$","Scotch-like","","","Ireland","Blend"
"Jameson Select Reserve (Black Barrel)","8.37","0.37","17","$$","Scotch-like","","","Ireland","Blend"
"Jameson Signature Reserve","8.38","0.31","5","$$","Scotch-like","","","Ireland","Blend"
"Jefferson's 18yo Presidential Select","8.85","0.45","8","$$$$$+","Bourbon-like","","","USA","Bourbon"
"Jefferson's Ocean Aged at Sea","8.64","0.38","3","$$$$","Bourbon-like","","","USA","Bourbon"
"Jefferson's Ocean","8.54","0.19","6","$$","Bourbon-like","","","USA","Bourbon"
"Jefferson's Reserve Very Old Kentucky Straight Bourbon","8.53","0.36","7","$$$","Bourbon-like","","","USA","Bourbon"
"Jefferson's Straight Rye 10yo","8.62","0.36","7","$$$","Rye-like","","","USA","Rye"
"Jefferson's Very Small Batch Bourbon","7.91","0.72","8","$$","Bourbon-like","","","USA","Bourbon"
"Jim Beam 12yo Signature Craft","8.60","0.28","9","$$","Bourbon-like","","","USA","Bourbon"
"Jim Beam Black Label","8.27","0.29","15","$","Bourbon-like","","","USA","Bourbon"
"Jim Beam Bonded","8.58","0.35","8","$$","Bourbon-like","","","USA","Bourbon"
"Jim Beam Devil's Cut","8.07","0.51","16","$","Bourbon-like","","","USA","Bourbon"
"Jim Beam Distillers Masterpiece PX Sherry Cask Finish","8.39","0.36","4","$$$$$","Bourbon-like","","","USA","Bourbon"
"Jim Beam Distillers Series","7.66","1.58","4","$$","Bourbon-like","","","USA","Bourbon"
"Jim Beam Double Oak","8.19","0.44","7","$$","Bourbon-like","","","USA","Bourbon"
"Jim Beam Pre-Prohibition Rye","8.47","0.37","6","$","Rye-like","","","USA","Rye"
"Jim Beam Red Stag (Black Cherry)","7.44","0.99","4","$","Bourbon-like","","","USA","Flavoured"
"Jim Beam Rye","7.93","0.64","9","$","Rye-like","","","USA","Rye"
"Jim Beam Single Barrel","8.65","0.22","4","$$","Bourbon-like","","","USA","Bourbon"
"Jim Beam White Label","7.67","0.45","17","$","Bourbon-like","","","USA","Bourbon"
"Johnnie Walker Black Label","8.28","0.47","22","$$","Scotch-like","","","Scotland","Blend"
"Johnnie Walker Blue Label","8.54","0.37","14","$$$$$","Scotch-like","","","Scotland","Blend"
"Johnnie Walker Double Black","8.43","0.43","14","$$","Scotch-like","","","Scotland","Blend"
"Johnnie Walker Explorer’s Club The Adventurer","7.90","0.08","3","$$","Scotch-like","","","Scotland","Blend"
"Johnnie Walker Explorer’s Club The Gold Route","8.49","0.33","8","$$$$","Scotch-like","","","Scotland","Blend"
"Johnnie Walker Explorer’s Club The Royal Route","8.35","0.41","7","$$$$$","Scotch-like","","","Scotland","Blend"
"Johnnie Walker Explorer’s Club The Spice Road","8.38","0.55","9","$$","Scotch-like","","","Scotland","Blend"
"Johnnie Walker Gold Label Reserve","8.29","0.34","16","$$$$","Scotch-like","","","Scotland","Blend"
"Johnnie Walker Green Label","8.54","0.40","17","$$$$","Scotch-like","","","Scotland","Blend"
"Johnnie Walker Platinum Label","8.46","0.41","16","$$$$","Scotch-like","","","Scotland","Blend"
"Johnnie Walker Red Label","7.42","0.60","19","$","Scotch-like","","","Scotland","Blend"
"Johnnie Walker Rye Cask Finish","8.40","0.55","5","$$$","Scotch-like","","","Scotland","Blend"
"Kakubin (Suntory Whisky)","7.98","0.82","5","$$","Scotch-like","","","Japan","Blend"
"Kilbeggan 8yo Single Grain (Greenore)","8.13","0.37","11","$$","Scotch-like","","","Ireland","Grain"
"Kirin 50% Blend (Fuji Gotemba)","8.36","0.48","3","$$$$","Scotch-like","","","Japan","Blend"
"Knob Creek Single Barrel Reserve Bourbon","8.75","0.29","11","$$$","Bourbon-like","","","USA","Bourbon"
"Knob Creek Small Batch 9yo Bourbon","8.61","0.40","21","$$","Bourbon-like","","","USA","Bourbon"
"Knob Creek Small Batch Straight Rye Whiskey","8.55","0.38","16","$$$","Rye-like","","","USA","Rye"
"Koval Single Barrel Bourbon","8.67","0.33","7","$$$","Bourbon-like","","","USA","Bourbon"
"Koval Single Barrel Four Grain","8.54","0.19","5","$$$$","Bourbon-like","","","USA","Grain"
"Koval Single Barrel Millet Whiskey","8.21","0.31","5","$$$","Bourbon-like","","","USA","Grain"
"Koval Single Barrel Rye","8.08","0.31","5","$$$","Rye-like","","","USA","Rye"
"Larceny Small Batch Bourbon","8.38","0.25","10","$$","Bourbon-like","","","USA","Bourbon"
"Lohin McKinnon","7.94","0.10","3","$$$","Rye-like","","","Canada","Rye"
"Lot 40 Cask Strength","9.23","0.19","3","","Rye-like","","","Canada","Rye"
"Lot 40","8.90","0.35","20","$$","Rye-like","","","Canada","Rye"
"Mackinlay 'Shackleton' Rare Old Highland Malt "Maker's Mark 46","8.77","0.33","15","$$$","Bourbon-like","","","USA","Bourbon"
"Maker's Mark Cask Strength","8.71","0.38","9","$$$$","Bourbon-like","","","USA","Bourbon"
"Maker's Mark","8.24","0.43","22","$$","Bourbon-like","","","USA","Bourbon"
"Masterson's Straight Barley 10yo","8.57","0.61","7","$$$$","Rye-like","","","Canada","Barley"
"Masterson's Straight Rye 10yo","8.87","0.40","17","$$$$","Rye-like","","","Canada","Rye"
"Masterson's Straight Wheat 12yo","8.64","0.23","9","$$$$","Rye-like","","","Canada","Wheat"
"Mellow Corn BiB","7.86","0.45","11","$","Bourbon-like","","","USA","Bourbon"
"Michter's 10yo Single Barrel Bourbon","8.83","0.32","9","$$$$$+","Bourbon-like","","","USA","Bourbon"
"Michter's 10yo Single Barrel Rye","8.82","0.30","5","$$$$$+","Rye-like","","","USA","Rye"
"Michter's 20yo Single Barrel Bourbon","8.96","0.37","4","$$$$$+","Bourbon-like","","","USA","Bourbon"
"Michter's Barrel Strength Rye","8.97","0.22","4","$$$$","Rye-like","","","USA","Rye"
"Michter's Single Barrel Straight Rye","8.70","0.44","10","$$$","Rye-like","","","USA","Rye"
"Michter's Small Batch Bourbon","8.50","0.30","12","$$$","Bourbon-like","","","USA","Bourbon"
"Michter's Sour Mash","8.37","0.10","3","$$$","Bourbon-like","","","USA","Bourbon"
"Michter's Toasted Barrel","8.41","0.16","5","$$$$","Bourbon-like","","","USA","Bourbon"
"Millstone 100 Rye","8.72","0.30","9","$$$$","Rye-like","","","Netherlands","Rye"
"Nikka Coffey Grain","8.60","0.48","15","$$$$","Scotch-like","","","Japan","Grain"
"Old Fitzgerald BiB","7.99","0.35","4","$$$","Bourbon-like","","","USA","Bourbon"
"Old Fitzgerald Kentucky Straight Bourbon","8.43","0.52","6","$$","Bourbon-like","","","USA","Bourbon"
"Old Forester 1897 BiB","8.12","0.60","4","$$$","Bourbon-like","","","USA","Bourbon"
"Old Forester 1920 Prohibition Style","8.75","0.30","4","$$$$","Bourbon-like","","","USA","Bourbon"
"Old Forester Birthday (2012-2016)","8.75","0.15","9","$$$$$","Bourbon-like","","","USA","Bourbon"
"Old Forester Signature (100 Proof)","8.36","0.40","8","$$","Bourbon-like","","","USA","Bourbon"
"Old Forester","8.12","0.43","11","$$","Bourbon-like","","","USA","Bourbon"
"Old Grand-Dad Bourbon (80/86 Proof)","8.06","0.49","10","$$","Bourbon-like","","","USA","Bourbon"
"Old Grand-Dad Bourbon 100 BiB","8.38","0.53","9","$$","Bourbon-like","","","USA","Bourbon"
"Old Grand-Dad Bourbon 114","8.63","0.24","9","$$","Bourbon-like","","","USA","Bourbon"
"Old Rip Van Winkle 10yo","8.98","0.23","9","$$$$$+","Bourbon-like","","","USA","Bourbon"
"Old Weller Antique 107","8.69","0.41","10","$$","Bourbon-like","","","USA","Bourbon"
"Orphan Barrel Barterhouse Bourbon 20yo","8.72","0.40","12","$$$$$","Bourbon-like","","","USA","Bourbon"
"P&M Blended Whisky","7.45","0.98","5","$","Scotch-like","","","France","Blend"
"Pappy Van Winkle Family Reserve Bourbon 15yo","9.24","0.24","10","$$$$$+","Bourbon-like","","","USA","Bourbon"
"Pappy Van Winkle Family Reserve Bourbon 20yo","9.25","0.35","12","$$$$$+","Bourbon-like","","","USA","Bourbon"
"Pappy Van Winkle Family Reserve Bourbon 23yo","8.74","0.52","4","$$$$$+","Bourbon-like","","","USA","Bourbon"
"Parker’s Heritage 10th 24yo Kentucky Straight Bourbon","8.64","0.96","3","$$$$$+","Bourbon-like","","","USA","Bourbon"
"Parker’s Heritage 2nd 27yo Kentucky Straight Boubon","9.28","0.38","3","$$$$$+","Bourbon-like","","","USA","Bourbon"
"Parker’s Heritage 4th 10yo Wheated Mash Bill Bourbon","9.09","0.22","5","$$$$$+","Bourbon-like","","","USA","Bourbon"
"Parker’s Heritage 5th 10yo Cognac Barrel Finished","9.01","0.29","8","$$$$$+","Bourbon-like","","","USA","Bourbon"
"Parker’s Heritage 6th Blend of Mashbills","9.05","0.11","6","$$$$$+","Bourbon-like","","","USA","Bourbon"
"Parker’s Heritage 7th 10yo Promise of Hope","9.15","0.18","7","$$$$$+","Bourbon-like","","","USA","Bourbon"
"Parker’s Heritage 8th 13yo Wheat Whiskey","8.77","0.55","8","$$$$$+","Bourbon-like","","","USA","Bourbon"
"Parker’s Heritage 9th 8yo Malt Whiskey","8.41","0.55","5","$$$$$","Bourbon-like","","","USA","Bourbon"
"Pendleton (Let'er Buck)","8.00","0.50","14","$$","Rye-like","","","Canada","Blend"
"Pendleton 1910","8.35","0.47","8","$$","Rye-like","","","Canada","Blend"
"Pike Creek 10yo Port-finished","8.29","0.49","12","$$","Rye-like","","","Canada","Blend"
"Pike Creek 10yo Rum-finished","8.74","0.20","4","$$","Rye-like","","","Canada","Blend"
"Pikesville Straight Rye","8.74","0.49","13","$$$$","Rye-like","","","USA","Rye"
"Potter's Special Old","8.41","0.43","4","$","Rye-like","","","Canada","Blend"
"Powers 12yo John's Lane","8.82","0.39","14","$$$$","Scotch-like","","","Ireland","Blend"
"Powers 12yo Reserve","8.63","0.26","6","$$$","Scotch-like","","","Ireland","Blend"
"Powers Gold Label","7.99","0.52","11","$$","Scotch-like","","","Ireland","Blend"
"Powers Signature Release","8.23","0.54","4","$$$","Scotch-like","","","Ireland","Blend"
"Prichard’s Rye","8.45","0.29","3","$$$$","Rye-like","","","USA","Rye"
"Proof Whisky","7.23","0.80","9","$$","Rye-like","","","Canada","Blend"
"Rebel Yell Kentucky Bourbon","7.60","0.58","11","$","Bourbon-like","","","USA","Bourbon"
"Redemption High Rye Bourbon","7.82","0.42","4","$$","Bourbon-like","","","USA","Bourbon"
"Rich and Rare Reserve","7.79","0.50","7","$","Rye-like","","","Canada","Blend"
"Rich and Rare","7.70","0.60","5","$","Rye-like","","","Canada","Blend"
"Rittenhouse Rye 100 Proof","8.58","0.23","15","$$","Rye-like","","","USA","Rye"
"Royal Canadian Small Batch","8.04","0.36","12","$$","Rye-like","","","Canada","Blend"
"Russell's Reserve 6yo Rye","8.69","0.28","7","$$$","Rye-like","","","USA","Rye"
"Russell's Reserve Single Barrel","8.82","0.47","8","$$$$","Bourbon-like","","","USA","Bourbon"
"Russell's Reserve Small Batch 10yo Bourbon","8.55","0.29","14","$$","Bourbon-like","","","USA","Bourbon"
"Santis Edition Dreifaltigkeit / Cask Strength "Sazerac 18yo","8.93","0.36","13","$$$$$+","Rye-like","","","USA","Rye"
"Sazerac Straight Rye","8.59","0.46","13","$$","Rye-like","","","USA","Rye"
"Schenley Golden Wedding","7.88","0.70","9","$","Rye-like","","","Canada","Blend"
"Seagram's Canadian 83","7.36","0.81","7","$","Rye-like","","","Canada","Blend"
"Seagram's VO","7.80","0.69","9","$","Rye-like","","","Canada","Blend"
"Silk Tassel","7.73","0.71","4","$","Rye-like","","","Canada","Blend"
"Smooth Ambler Old Scout 10yo Bourbon","8.63","0.43","3","$$$$","Bourbon-like","","","USA","Bourbon"
"Smooth Ambler Old Scout 7yo Bourbon","8.52","0.38","9","$$$","Bourbon-like","","","USA","Bourbon"
"Smooth Ambler Old Scout 7yo Rye","8.56","0.36","6","$$$","Rye-like","","","USA","Rye"
"Smooth Ambler Old Scout Single Barrel Bourbon","8.89","0.25","5","$$$$","Bourbon-like","","","USA","Bourbon"
"Smooth Ambler Old Scout Yearling Bourbon","7.91","1.21","3","$$$","Bourbon-like","","","USA","Bourbon"
"Stagg Jr (all batches)","8.57","0.4","16","$$$$","Bourbon-like","","","USA","Bourbon"
"Stagg Jr (batches 1-2)","8.45","0.38","13","$$$$","Bourbon-like","","","USA","Bourbon"
"Stagg Jr (batches 3-6)","8.89","0.18","6","$$$$","Bourbon-like","","","USA","Bourbon"
"Stalk & Barrel 11+1 Canadian whisky","8.21","0.42","16","$$","Rye-like","","","Canada","Blend"
"Stalk & Barrel Red Blend","8.41","0.5","4","$$","Rye-like","","","Canada","Blend"
"Stalk & Barrel Rye (Cask Strength)","8.39","0.55","4","$$$","Rye-like","","","Canada","Blend"
"Stalk & Barrel Rye","8.56","0.2","5","$$$","Rye-like","","","Canada","Blend"
"Stranahan's Colorado Whiskey","8.58","0.32","13","$$$$","Bourbon-like","","","USA","Bourbon"
"Suntory Old Whisky","8.30","0.32","7","$$$","Scotch-like","","","Japan","Blend"
"Suntory The Chita Single Grain","8.25","0.47","4","$$$","Scotch-like","","","Japan","Blend"
"Suntory Toki","8.22","0.47","6","$$$","Scotch-like","","","Japan","Blend"
"Teacher's Highland Cream","7.97","0.71","11","$","Scotch-like","","","Scotland","Blend"
"Teeling Poitin","8.14","0.24","5","$$","Scotch-like","","","Ireland","Blend"
"Teeling Single Grain (Wine Cask Finish)","8.53","0.32","10","$$$","Scotch-like","","","Ireland","Grain"
"Templeton Rye","8.02","0.39","7","$$$","Rye-like","","","USA","Rye"
"The Irishman Cask Strength","8.68","0.25","4","$$$$$","Scotch-like","","","Ireland","Blend"
"The Irishman Founder’s Reserve","8.29","0.37","7","$$","Scotch-like","","","Ireland","Blend"
"The Irishman Original Clan Irish Whiskey","8.15","0.22","4","$$","Scotch-like","","","Ireland","Blend"
"The Nikka 12yo Premium Blended","8.53","0.16","3","$$$$","Scotch-like","","","Japan","Blend"
"The Quiet Man Traditional Irish Whiskey","7.51","1.12","6","$$","Scotch-like","","","Ireland","Blend"
"Thomas H. Handy Sazerac","9.12","0.21","14","$$$$$+","Rye-like","","","USA","Rye"
"Three Ships 10yo","8.42","0.38","9","$$$$","Scotch-like","","","South Africa","Blend"
"Three Ships 5yo","8.06","0.49","9","$","Scotch-like","","","South Africa","Blend"
"Tincup American Whiskey","8.16","0.32","7","$$","Bourbon-like","","","USA","Bourbon"
"Tullamore Dew Blended 12yo","7.98","0.33","10","$$$","Scotch-like","","","Ireland","Blend"
"Tullamore Dew Blended","7.83","0.38","17","$$","Scotch-like","","","Ireland","Blend"
"Té Bheag","8.48","0.29","14","$$","Scotch-like","","","Scotland","Blend"
"Van Winkle Family Reserve Rye 13yo","8.96","0.33","8","$$$$$+","Rye-like","","","USA","Rye"
"Van Winkle Special Reserve 12yo Lot B","8.69","0.18","7","$$$$$+","Bourbon-like","","","USA","Bourbon"
"Very Old Barton 6yo BiB","8.35","0.38","3","$$","Bourbon-like","","","USA","Bourbon"
"Very Old Barton 6yo","8.45","0.37","6","$","Bourbon-like","","","USA","Bourbon"
"Virginia Black","7.65","0.96","5","$$","Bourbon-like","","","USA","Bourbon"
"W.L. Weller 12yo","8.87","0.24","12","$$$$$","Bourbon-like","","","USA","Bourbon"
"W.L. Weller Special Reserve","8.41","0.37","11","$","Bourbon-like","","","USA","Bourbon"
"Wayne Gretzky No. 99 Red Cask","8.09","0.32","5","$$","Rye-like","","","Canada","Blend"
"West Cork Original Irish Whiskey","8.02","0.49","3","$$","Scotch-like","","","Ireland","Blend"
"Whistlepig 10yo","8.83","0.42","16","$$$$","Rye-like","","","Canada","Blend"
"Whistlepig The Boss Hog","8.81","0.28","9","$$$$$","Rye-like","","","Canada","Blend"
"White Oak Akashi Blended","7.81","0.64","7","$$$","Scotch-like","","","Japan","Blend"
"Whyte & Mackay Special Reserve","7.39","0.43","6","$","Scotch-like","","","Scotland","Blend"
"Wild Turkey 101 Bourbon","8.47","0.42","18","$$","Bourbon-like","","","USA","Bourbon"
"Wild Turkey 101 Rye","8.45","0.3","8","$$","Rye-like","","","USA","Rye"
"Wild Turkey 81 Bourbon","8.18","0.38","13","$","Bourbon-like","","","USA","Bourbon"
"Wild Turkey 81 Rye","8.03","0.17","6","$$","Bourbon-like","","","USA","Bourbon"
"Wild Turkey Rare Breed","8.73","0.32","15","$$$","Bourbon-like","","","USA","Bourbon"
"Willett Family Estate 11yo Bourbon","8.92","0.14","4","$$$$$+","Bourbon-like","","","USA","Bourbon"
"Willett Family Estate 13yo Bourbon","8.78","0.43","3","$$$$$+","Bourbon-like","","","USA","Bourbon"
"Willett Family Estate 14yo Bourbon","8.88","0.44","3","$$$$$+","Bourbon-like","","","USA","Bourbon"
"Willett Family Estate 17yo Bourbon","8.93","0.54","3","$$$$$+","Bourbon-like","","","USA","Bourbon"
"Willett Family Estate 22yo Bourbon","9.33","0.11","3","$$$$$+","Bourbon-like","","","USA","Bourbon"
"Willett Family Estate 25yo Rye","8.77","0.49","3","$$$$$+","Rye-like","","","USA","Rye"
"Willett Family Estate 2yo Rye","8.46","0.3","7","$$$","Rye-like","","","USA","Rye"
"Willett Family Estate 3yo Rye","8.71","0.45","5","$$$","Rye-like","","","USA","Rye"
"Willett Family Estate 4yo Rye","8.8","0.49","7","$$$","Rye-like","","","USA","Rye"
"Willett Family Estate 6yo Rye","8.95","0.18","4","$$$$","Rye-like","","","USA","Rye"
"Willett Family Estate 9yo Bourbon","8.61","0.32","3","$$$$","Bourbon-like","","","USA","Bourbon"
"Willett Family Estate Bourbon (all ages)","8.99","0.28","13","$$$$","Bourbon-like","","","USA","Bourbon"
"Willett Family Estate Rye (all ages)","8.71","0.28","12","$$$$","Rye-like","","","USA","Rye"
"Willett Pot Still Reserve","8.64","0.51","9","$$$","Bourbon-like","","","USA","Bourbon"
"William Larue Weller","9.17","0.25","11","$$$$$+","Bourbon-like","","","USA","Bourbon"
"Woodford Reserve bourbon","8.4","0.33","19","$$","Bourbon-like","","","USA","Bourbon"
"Woodford Reserve Double Oaked","8.77","0.28","11","$$$$","Bourbon-like","","","USA","Bourbon"
"Woodford Reserve Straight Rye","8.49","0.24","9","$$","Rye-like","","","USA","Rye"
"Writers Tears Pot Still Irish Whiskey","8.52","0.32","16","$$","Scotch-like","","","Ireland","Blend"
"Yamazakura 16yo Blended Whisky","8.09","0.53","3","$$$$$","Scotch-like","","","Japan","Blend"
"Yamazakura Blended Whisky","6.63","1.16","3","$$$","Scotch-like","","","Japan","Blend"
"Yellow Rose Straight Rye","8.31","0.53","5","$$$","Rye-like","","","USA","Rye"
"Yellow Spot","8.78","0.26","14","$$$$","Scotch-like","","","Ireland","Blend"
"Yellowstone 2015 Limited Edition","8.36","0.65","4","$$$$$","Bourbon-like","","","USA","Bourbon"
"Yellowstone 2016 Limited Edition","8.73","0.45","3","$$$$$","Bourbon-like","","","USA","Bourbon"
"Yellowstone Select","8.19","0.26","3","$$$","Bourbon-like","","","USA","Bourbon"